barcode,DMSO_B1T2_count,C7_B1T2_count,DMSO_B1T2-vs-C7_B1T2_func_score,C7_B2T1_count,DMSO_B2T1-vs-C7_B2T1_func_score,style,4U8C_B1T1_count,DMSO_B1T1-vs-4U8C_B1T1_func_score,DMSO_B2T2_count,4U8C_B2T2_count,DMSO_B2T2-vs-4U8C_B2T2_func_score,library,codon_substitutions,aa_substitutions,n_codon_substitutions,n_aa_substitutions,n_observed,n_paired,n_positive,n_recurrent,BOTH_B1T1_count,DMSO_B1T1-vs-BOTH_B1T1_func_score,BOTH_B2T1_count,DMSO_B2T1-vs-BOTH_B2T1_func_score,func_score_avg,n_selections,average_func_score
AGCTCGAATAGCAAGT,62.0,0.5,-6.8521369309686175,1.0,-7.939831326918908,variant,,,,,,LibB,GAT1160CGG,D1160R,1,1,0,0,1,0,0.5,-6.523207733701989,0.5,-8.886964689087797,-7.705086211394893,0,-7.5505351701693275
TACGCATACTTCAGCC,98.0,0.5,-7.51265046469695,0.5,-8.395025952669734,variant,,,,,,LibB,AGG21ATC GAC78GTC AGG100GGG AGG270GAG CTG1183CTA,R21I D78V R100G R270E,5,4,4,0,1,2,0.5,-5.786242139535783,0.5,-8.342159314838623,-7.0642007271872025,0,-7.509019467935273
AACTTAATATATTATG,189.0,0.5,-8.460183044802815,3.0,-5.876405946777274,variant,,,,,,LibB,AGC493ATC AGA495GAG GGC766GTC GAT1160CAG,S493I R495E G766V D1160Q,4,4,2,3,4,1,1.0,-7.86803623069943,1.0,-7.40850180966732,-7.638269020183375,0,-7.40328175798671
CGCGATACTCTTTATT,89.0,0.5,-7.37367405154814,0.5,-8.420263244168757,variant,,,,,,LibB,GGC598GGT GAG985AAG ACA1133CAG,E985K T1133Q,3,2,2,0,0,0,0.5,-5.2012796388146265,0.5,-8.367396606337646,-6.784338122576136,0,-7.340653385217292
CCTCGTATTGAGACAT,140.0,0.5,-8.027223637526708,0.5,-8.477488112861707,variant,,,,,,LibB,AGG21GGG GAC109ATC GCC921CCC,R21G D109I A921P,3,3,2,0,0,1,1.0,-4.753820661843405,1.0,-7.424621475030597,-6.089221068437001,0,-7.170788471815605
CAAAAATCTCGCACTT,74.0,0.5,-7.107393986210692,0.5,-7.445066635169329,variant,,,,,,LibB,AAC600AAA,N600K,1,1,1,0,0,0,0.5,-6.61631713809347,0.5,-7.39219999733822,-7.004258567715845,0,-7.140244439202928
TATCCGCCCATAAAAA,89.0,0.5,-7.37367405154814,1.0,-6.445066635169329,variant,,,,,,LibB,GAG337AAG GCT842GTC,E337K A842V,2,2,2,1,1,2,0.5,-7.271668966706025,0.5,-7.39219999733822,-7.331934482022122,0,-7.120652412690428
AACTTCCCGGGCGTAA,80.0,0.5,-7.219868715469104,1.0,-6.780050882882138,variant,,,,,,LibB,GCC1053GTC ATG1234ATT,A1053V M1234I,2,2,2,0,0,1,0.5,-6.598169791383211,0.5,-7.727184245051028,-7.162677018217119,0,-7.0813184086963705
TTATACTGTGTTTCGT,88.0,0.5,-7.357372239219039,0.5,-7.395025952669734,variant,,,,,,LibB,GAA221AAC,E221N,1,1,1,0,0,0,0.5,-7.1398790941504835,1.0,-6.342159314838624,-6.741019204494554,0,-7.05860915021947
ATGGTCACCAGGCTAA,85.0,0.5,-7.307331556719444,1.0,-6.325485019416657,variant,,,,,,LibB,CAG52AGC AGG1011GGG AAG1025AAA,Q52S R1011G,3,2,1,0,0,0,0.5,-7.316756856234562,0.5,-7.272618381585547,-7.2946876189100545,0,-7.055547953489052
TTGACCAGAGCTTGAA,107.0,1.0,-6.639407606982889,0.5,-7.030029135890485,WT,,,,,,LibB,GAT1160GAC,0,1,0,0,0,0,0,0.5,-8.52800871996581,1.0,-5.977162498059376,-7.252585609012593,0,-7.04365199022464
CAATAAACTAATAAAC,78.0,0.5,-7.18334283944399,0.5,-7.195088382160982,variant,,,,,,LibB,GAC78CAC GCT842TAC,D78H A842Y,2,2,1,1,2,1,0.5,-6.503842408835058,0.5,-7.142221744329873,-6.823032076582465,0,-7.006123843692476
TCCACCGCATATTCCT,163.0,1.0,-7.24666877481282,3.0,-6.360674447878957,variant,,,,,,LibB,GAC109CAC GCC843TTC,D109H A843F,2,2,1,1,1,1,1.0,-5.484213602086125,0.5,-8.892770310769004,-7.188491956427565,0,-6.996081783886726
TATTTAATCTCCATCA,58.0,1.0,-5.7559216157093145,0.5,-7.629491206306757,variant,,,,,,LibB,GCT572GTT CTG846ATC AGA997AGC,A572V L846I R997S,3,3,3,0,0,1,0.5,-6.909098887321316,0.5,-7.576624568475647,-7.2428617278984815,0,-6.967784069453259
ATATCAAAAAATAGAC,66.0,0.5,-6.942334739940196,0.5,-7.60034486064724,variant,,,,,,LibB,GAC173TTC CAG674ACG CTG1060GTG,D173F Q674T L1060V,3,3,1,2,3,0,1.0,-5.753820661843405,0.5,-7.547478222816131,-6.650649442329768,0,-6.960994621311744
AACTACAAATAATATT,292.0,0.5,-9.08776517946176,2.0,-5.904498253806627,variant,,,,,,LibB,AAG761GCG GCT1013ACC,K761A A1013T,2,2,2,0,1,1,2.0,-5.916440862662484,1.0,-6.851631615975517,-6.384036239319,0,-6.940083977976597
GAACGCGTCAACATAT,239.0,0.5,-8.79880742856249,0.5,-6.916372354094919,variant,,,,,,LibB,TCT253CCC,S253P,1,1,1,0,0,1,1.0,-6.177032092567949,1.0,-5.863505716263809,-6.020268904415879,0,-6.9389293978722915
CCTCCCTTGAACCAAG,104.0,3.0,-5.013417838001678,1.0,-7.974319703304198,variant,,,,,,LibB,AAT72GAC GCC289AGC ACA938AGC GAC1143TAC,N72D A289S T938S D1143Y,4,4,4,0,0,3,2.0,-5.7037799793438095,0.5,-8.921453065473088,-7.312616522408449,0,-6.9032426465306935
TGGACAAAATTACTCT,63.0,1.0,-5.8752205440816585,0.5,-7.54022386820967,variant,,,,,,LibB,AGG76AGC GAC173GCG TCC511TTC GTG949ATC,R76S D173A S511F V949I,4,4,3,1,1,3,0.5,-6.669428474553033,0.5,-7.48735723037856,-7.078392852465797,0,-6.893057529305731
TTGTATTAACACACAA,142.0,0.5,-8.047687740086424,0.5,-8.395025952669734,variant,,,,,,LibB,TGT429TAT,C429Y,1,1,0,0,0,0,1.0,-4.753820661843405,2.0,-6.342159314838624,-5.547989988341015,0,-6.884673417359547
ACAGAAAGACAGGAAA,72.0,1.0,-6.067865622024055,0.5,-8.214453707027912,variant,,,,,,LibB,CCA712TCA ACA856GCC,P712S T856A,2,2,2,1,1,2,0.5,-6.0223094977693075,1.0,-7.161587069196803,-6.591948283483055,0,-6.866553974004519
CCCGATTGTCATTATT,79.0,0.5,-7.201721368758845,1.0,-6.445066635169329,variant,,,,,,LibB,CCA381TTC TGG433TAG,P381F W433*,2,2,0,0,1,0,0.5,-6.2251263807689945,0.5,-7.39219999733822,-6.808663189053608,0,-6.816028595508848
CGTTCGACATAAATAT,61.0,0.5,-6.828677958144628,0.5,-7.477488112861707,variant,,,,,,LibB,TGG1211CTG,W1211L,1,1,1,0,0,0,0.5,-6.523207733701989,1.0,-6.424621475030597,-6.473914604366293,0,-6.813498819934731
AGCAATAGATGTCTAC,27.0,0.5,-5.652828122745211,0.5,-7.477488112861707,variant,,,,,,LibB,CCT25CTG GTG67GTT CAG674CCG CTG858TTG AAC1105AGC,P25L Q674P N1105S,5,3,3,1,1,3,0.5,-6.598169791383211,0.5,-7.424621475030597,-7.011395633206904,0,-6.788276875505182
GGAATTTTCATAAGGA,42.0,0.5,-6.290258043360502,1.0,-6.395025952669734,variant,,,,,,LibB,GGC194GCC TCC656CCC GCC669ACC CTG858CTA TAC1152CAC,G194A S656P A669T Y1152H,5,4,4,0,0,1,0.5,-7.0223094977693075,0.5,-7.342159314838624,-7.182234406303966,0,-6.762438202159542
AAACAAGAAGACACTT,184.0,1.0,-7.421502576638755,0.5,-6.686074734673125,variant,,,,,,LibB,CCA790CAG,P790Q,1,1,1,0,0,0,0.5,-6.294389043206108,0.5,-6.633208096842014,-6.4637985700240606,0,-6.758793612840001
ACGACAAAGTACCATA,218.0,0.5,-8.66612494535867,2.0,-6.760422076133206,variant,,,,,,LibB,ATC206CGC,I206R,1,1,0,1,1,0,2.0,-5.402913499984277,3.0,-6.12259293758094,-5.762753218782608,0,-6.738013364764273
ACTTTACTGAAATAGC,125.0,1.0,-6.86372490524383,0.5,-8.60034486064724,variant,,,,,,LibB,GGC766TGG GAA1199CAG GTG1225GCC,G766W E1199Q V1225A,3,3,3,1,2,2,1.0,-4.938245232980833,2.0,-6.547478222816131,-5.742861727898482,0,-6.737448305422008
AGCTTTAATTACTTAC,46.0,2.0,-4.421502576638755,1.0,-8.008002829560487,variant,,,,,,LibB,CCT26GGC,P26G,1,1,0,1,1,0,1.0,-5.423672060151074,0.5,-8.955136191729377,-7.189404125940225,0,-6.7020784145199235
TAGAGAAAGGCTTCGA,115.0,1.0,-6.743430671526117,1.0,-5.792989938589637,variant,,,,,,LibB,AAC613AAT CAC951AGC AGC979TAC GCA1223GTA,H951S S979Y A1223V,4,3,2,2,2,1,1.0,-7.474298133221042,0.5,-6.740123300758526,-7.107210716989784,0,-6.68771051102383
CCATCTAGTTGGTTCG,83.0,1.0,-6.272980051928667,0.5,-8.094159473310201,variant,,,,,,LibB,GGC73GTC GTG125GTA GAC140GTC GAC212CAC CAG311AAG CAG674CAC,G73V D140V D212H Q311K Q674H,6,5,5,4,4,4,1.0,-5.271668966706025,1.0,-7.041292835479092,-6.156480901092558,0,-6.670025331855996
CCACTTCCACAACCGA,31.0,0.5,-5.8521369309686175,0.5,-7.831125067476408,variant,,,,,,LibB,ACC871CTG CAC1085AGG GTG1173CTG,T871L H1085R V1173L,3,3,3,0,1,0,1.0,-5.15237003833368,0.5,-7.778258429645297,-6.4653142339894885,0,-6.653472616606001
TTCGAGCCATTGTCGA,33.0,0.5,-5.942334739940196,0.5,-7.570597517253189,variant,,,,,,LibB,AGC96TTC ATC1010AAC,S96F I1010N,2,2,2,1,1,1,1.0,-6.5797912620683565,1.0,-6.5177308794220785,-6.5487610707452175,0,-6.652613599670954
AGAAAGCTGATACAAT,152.0,1.0,-7.145868134025328,2.0,-6.46136844749843,variant,,,,,,LibB,AAG145AAC TTC152GTG GAC933GCC,K145N F152V D933A,3,3,3,1,2,1,1.0,-5.484213602086125,1.0,-7.40850180966732,-6.446357705876723,0,-6.624987998319301
TGAAGAAGTTTAATGG,59.0,0.5,-6.780583669943583,2.0,-6.54022386820967,variant,,,,,,LibB,GCC121GTG,A121V,1,1,1,0,0,1,1.0,-6.651941047824192,2.0,-6.48735723037856,-6.569649139101376,0,-6.615026454089001
AAGCATTCTAACCGTG,73.0,0.5,-7.087765179461759,2.0,-5.41189977123413,variant,,,,,,LibB,ACC19ACG GAG130CAG TCC934ACC CAC951TCG AAG1188AGG,E130Q S934T H951S K1188R,5,4,4,1,2,2,0.5,-6.598169791383211,0.5,-7.35903313340302,-6.978601462393115,0,-6.61421696887053
CTTCGGTCAAATATGG,45.0,0.5,-6.389793716911417,1.0,-7.243022859224684,variant,,,,,,LibB,AAG853TTC,K853F,1,1,1,1,1,0,0.5,-7.213252280480702,3.0,-5.6051937206724185,-6.40922300057656,0,-6.612815644322305
GAAAGAAGCAGTTAAA,55.0,0.5,-6.679300334106402,1.0,-6.289415764709135,variant,,,,,,LibB,CCT26AGG GAC212AGC CTG855ATC GCT1013GCA AGG1104AGC,P26R D212S L855I R1104S,5,4,4,2,2,2,0.5,-6.2251263807689945,0.5,-7.2365491268780255,-6.73083775382351,0,-6.607597901615639
ACGTTTTCTACGGCAT,71.0,0.5,-7.047687740086425,1.0,-7.41189977123413,variant,,,,,,LibB,GAC140GAG GAG211ATG CAG674ATC,D140E E211M Q674I,3,3,1,3,3,0,3.0,-3.592069591846793,0.5,-8.35903313340302,-5.975551362624906,0,-6.602672559142592
GGAGATGTATAGAGCC,83.0,0.5,-7.272980051928667,1.0,-6.17545957541205,variant,,,,,,LibB,AAC97AAG GCC843GAC,N97K A843D,2,2,1,1,1,0,1.0,-5.83354785431414,0.5,-7.122592937580939,-6.478070395947539,0,-6.601145104808949
TAGGACGGTTAAGCAG,57.0,1.0,-5.730830634746484,0.5,-7.80581397894722,variant,,,,,,LibB,CTG332CCG GAC624GGC ACC1024AGC,L332P D624G T1024S,3,3,2,0,1,1,0.5,-6.075748756730768,1.0,-6.75294734111611,-6.414348048923439,0,-6.591335177885146
GCAGCGTTACATAATA,59.0,0.5,-6.780583669943583,0.5,-6.740522518695501,variant,,,,,,LibB,TGT15TTC AGC637GTG ATC791ATA GCC843ATG AAG853TGG AAG983ACC GGC1096ACC,C15F S637V A843M K853W K983T G1096T,7,6,3,2,3,1,0.5,-6.075748756730768,0.5,-6.687655880864391,-6.381702318797579,0,-6.571127706558561
GCGAATTAAGTAGGAT,72.0,0.5,-7.067865622024055,0.5,-7.6149916366116415,variant,,,,,,LibB,GTG67CCC ATC206GGG,V67P I206G,2,2,1,1,2,0,0.5,-6.598169791383211,3.0,-4.977162498059376,-5.787666144721293,0,-6.56454738701957
TCCACAGGTAATGAGG,69.0,1.0,-6.006465077359911,0.5,-8.40348753141793,variant,,,,,,LibB,AGC96GAC,S96D,1,1,0,1,1,0,0.5,-6.0223094977693075,3.0,-5.765658392865665,-5.893983945317486,0,-6.549480124853203
TCAGAGACACTGCGTT,84.0,1.0,-6.290258043360502,0.5,-7.713555471095232,variant,,,,,,LibB,AAA1202AAC,K1202N,1,1,1,0,0,1,2.0,-5.532793782531187,1.0,-6.660688833264121,-6.096741307897654,0,-6.549324032562761
CTCACCAATTCCCCTT,49.0,0.5,-6.51265046469695,1.0,-6.95141930119412,variant,,,,,,LibB,TTC339TTA AGC677TTC,F339L S677F,2,2,2,0,0,2,1.0,-5.83354785431414,1.0,-6.898552663363009,-6.366050258838575,0,-6.5490425708920545
TGCTGAACTGTGTAGA,199.0,2.0,-6.534565241125391,4.0,-6.083667099492559,variant,,,,,,LibB,ACC629AAC,T629N,1,1,1,0,0,1,1.0,-6.51355756366827,2.0,-7.030800461661449,-6.772179012664859,0,-6.540647591486918
GTGGACAACTTCACAT,142.0,2.0,-6.047687740086425,1.0,-7.812183503822947,variant,,,,,,LibB,GGC105CTG ATT1129GTG GAA1141AAA,G105L I1129V E1141K,3,3,3,0,0,1,1.0,-4.542316556649694,1.0,-7.7593168659918375,-6.150816711320766,0,-6.540376166637726
TACCACGCCATCAATG,282.0,0.5,-9.037491972980536,3.0,-6.41189977123413,variant,,,,,,LibB,AGC96ACC CTG223TTC,S96T L223F,2,2,2,1,1,1,4.0,-5.254390975274189,6.0,-5.35903313340302,-5.306712054338605,0,-6.515703963222969
TTTTATAAGAGAATTG,68.0,1.0,-5.985403461832082,1.0,-7.524793827640064,variant,,,,,,LibB,GAC772GAT GAC976GAA AAC1175AAG,D976E N1175K,3,2,2,0,0,0,2.0,-5.062573367983035,1.0,-7.471927189808953,-6.267250278895994,0,-6.511174461816033
GCTGGGCACACTATTA,89.0,3.0,-4.788711550826984,3.0,-6.7090115459502835,variant,,,,,,LibB,AGG243GGG TAC245TGC ACA283GCA,R243G Y245C T283A,3,3,3,0,0,2,0.5,-7.294389043206108,2.0,-7.241107408840329,-7.267748226023219,0,-6.5083048872059255
ACCACGGAGTCTATAA,118.0,0.5,-7.780583669943583,2.0,-5.428578512380761,variant,,,,,,LibB,AGG76ATG,R76M,1,1,1,0,0,1,0.5,-6.44413616271079,1.0,-6.37571187454965,-6.40992401863022,0,-6.507252554896197
ACAAACGATTATGTCG,123.0,1.0,-6.8404551259209825,0.5,-6.271037235394281,variant,,,,,,LibB,GTG62CTG GTG1225AGG,V62L V1225R,2,2,1,0,1,1,0.5,-6.6867064659848685,0.5,-6.21817059756317,-6.452438531774019,0,-6.504092356215826
GAAGAGAATGCTACCT,54.0,2.0,-4.652828122745211,0.5,-7.524793827640064,variant,,,,,,LibB,GCA685GTG AGC979ACG,A685V S979T,2,2,2,1,2,1,0.5,-6.294389043206108,0.5,-7.471927189808953,-6.883158116507531,0,-6.4859845458500835
TTCTTGGAGCTTTATG,138.0,0.5,-8.00646507735991,0.5,-7.114918033476999,variant,,,,,,LibB,GGC216AGC GAG337GCC GGA378GGG GTG480CTG GTG639GTA,G216S E337A V480L,5,3,3,0,0,2,0.5,-7.075748756730768,5.0,-3.7401233007585266,-5.407936028744647,0,-6.484313792081551
AGGTTCACAAAATTTA,95.0,0.5,-7.4677962289126905,1.0,-5.445066635169329,variant,,,,,,LibB,GAT402TAC AGA405CCG,D402Y R405P,2,2,1,0,0,1,0.5,-6.598169791383211,0.5,-6.39219999733822,-6.495184894360715,0,-6.475808163200862
CCTTAGGTAACCGAAT,129.0,0.5,-7.909167876004997,2.0,-5.289415764709135,variant,,,,,,LibB,ACC162ACT GGC766CCG ACC1024GAG,G766P T1024E,3,2,0,1,2,0,0.5,-7.454260379984498,2.0,-5.2365491268780255,-6.345404753431262,0,-6.472348286894164
AGAAGGACACAGGATG,119.0,0.5,-7.7927583838896854,2.0,-5.570597517253189,variant,,,,,,LibB,GCT986GTG AAG1154ATG,A986V K1154M,2,2,2,0,0,0,2.0,-4.9526005259579025,0.5,-7.5177308794220785,-6.23516570268999,0,-6.458421826630714
CACCCGAGACTTATAG,65.0,0.5,-6.920308433610197,0.5,-7.233562529975618,variant,,,,,,LibB,GGC176GCC CTG530CTA CAA1002CTG GTG1030GTA CTG1183CTA CTG1190CTA GCA1223GTG,G176A Q1002L A1223V,7,3,3,0,0,2,2.0,-4.484213602086125,0.5,-7.180695892144508,-5.8324547471153165,0,-6.454695114454111
CAATGAGGGTGAACGC,61.0,2.0,-4.828677958144628,3.0,-6.450521065261437,variant,,,,,,LibB,TGG147AGC GTG1225GTA,W147S,2,1,1,0,0,1,0.5,-6.542316556649694,1.0,-7.982616928151484,-7.262466742400589,0,-6.451033127051811
TAATTAATTTAACCTC,88.0,3.0,-4.772409738497883,3.0,-5.749400670041954,variant,,,,,,LibB,GTG531ATC ATT1127ATG,V531I I1127M,2,2,2,0,0,2,0.5,-6.923745663285717,0.5,-8.281496532932,-7.602621098108859,0,-6.431763151189388
GAGAGACATCACCAAA,47.0,0.5,-6.452529472259379,1.0,-6.114918033476999,variant,,,,,,LibB,CTG18GAG AGC200ATC,L18E S200I,2,2,1,1,1,0,0.5,-6.0223094977693075,0.5,-7.062051395645889,-6.542180446707598,0,-6.412952099787893
TAGTAGAAACACACTA,47.0,0.5,-6.452529472259379,0.5,-7.094159473310201,variant,,,,,,LibB,ATC99ACC ATT1218TAC,I99T I1218Y,2,2,2,0,0,1,0.5,-6.0223094977693075,1.0,-6.041292835479092,-6.0318011666241995,0,-6.402572819704495
CGTCCTACAAATCCAA,87.0,3.0,-4.7559216157093145,0.5,-7.818525030696774,variant,,,,,,LibB,CTG1241TTC,L1241F,1,1,1,0,0,1,0.5,-6.248585353592984,1.0,-6.765658392865664,-6.507121873229323,0,-6.397172598216184
AAACCTGCAAAATAAC,58.0,1.0,-5.7559216157093145,0.5,-9.416087568197563,variant,,,,,,LibB,CTC1197GTG TGT1247TAC,L1197V C1247Y,2,2,2,0,0,1,4.0,-4.049276545369577,4.0,-6.363220930366453,-5.206248737868015,0,-6.396126664910726
GACACCTCTATTGTAC,94.0,2.0,-5.452529472259379,1.0,-7.145506353310422,variant,,,,,,LibB,GTC317GCC AGC810ATC,V317A S810I,2,2,2,0,1,1,0.5,-5.879351543927264,1.0,-7.0926397154793115,-6.485995629703288,0,-6.392506771244094
TACGCGAGTGCCCACA,57.0,1.0,-5.730830634746484,1.0,-6.135382136036714,variant,,,,,,LibB,CAG132CAC AGG185AAC AGC637ATG ATT690TTC,Q132H R185N S637M I690F,4,4,3,0,1,1,0.5,-6.61631713809347,0.5,-7.082515498205605,-6.8494163181495376,0,-6.391261351770568
TTCAGACTTGTCTGCT,100.0,1.0,-6.541796810356467,0.5,-7.445066635169329,variant,,,,,,LibB,GAC78AGC,D78S,1,1,1,0,1,0,3.0,-5.177032092567949,1.0,-6.39219999733822,-5.784616044953085,0,-6.389023883857991
GAGCGGGGAACTACAC,61.0,0.5,-6.828677958144628,1.0,-6.289415764709135,variant,,,,,,LibB,GGC73AGC,G73S,1,1,1,1,1,1,0.5,-5.2012796388146265,0.5,-7.2365491268780255,-6.218914382846326,0,-6.388980622136604
TTTGAGCTCGGATAAA,66.0,1.0,-5.942334739940196,1.0,-6.60034486064724,WT,,,,,,LibB,AGA405AGG,0,1,0,0,0,0,0,2.0,-5.402913499984277,0.5,-7.547478222816131,-6.475195861400204,0,-6.373267830846961
TAATAAGGCCTACAAT,131.0,1.0,-6.931363622119193,2.0,-5.58554785871916,variant,,,,,,LibB,ACC22GCC TCC1249GAG,T22A S1249E,2,2,1,0,1,1,1.0,-6.413330115929615,1.0,-6.53268122088805,-6.473005668408833,0,-6.365730704414005
TAACGCCGACTAACTA,138.0,1.0,-7.006465077359911,3.0,-5.908467156009572,variant,,,,,,LibB,GTG47GTA ATC739ATT GTG1119CTG,V1119L,3,1,1,0,0,1,2.0,-4.101743965263712,0.5,-8.440563018899619,-6.271153492081666,0,-6.364309804383204
GAAGAGTAGCAGCGCC,130.0,0.5,-7.920308433610197,3.0,-5.182032229335536,variant,,,,,,LibB,GTG16TTC ATC98AGG GAC212AAC TCT940CTG AAC1131CAC,V16F I98R D212N S940L N1131H,5,5,4,1,2,2,1.0,-6.634239046090733,2.0,-5.7141280922255815,-6.174183569158157,0,-6.362676950315512
TTAAATGATAGAACAG,129.0,1.0,-6.909167876004997,4.0,-5.45324056661503,variant,,,,,,LibB,TCC1236ATC,S1236I,1,1,1,0,0,1,3.0,-4.592069591846793,0.5,-8.40037392878392,-6.496221760315356,0,-6.3387129908126845
ATTTGAATTCTAATAT,127.0,2.0,-5.886625307353908,1.0,-7.289415764709135,variant,,,,,,LibB,GTG359TTC CTG1221CTA,V359F,2,1,1,0,0,1,2.0,-3.8489778948837454,0.5,-8.236549126878025,-6.042763510880885,0,-6.315392023456203
ATTCATTGCATCATAC,70.0,4.0,-4.027223637526709,2.0,-7.321025371225957,variant,,,,,,LibB,TTC978ACC,F978T,1,1,0,1,1,0,0.5,-7.570513448480345,4.0,-6.268158733394847,-6.9193360909375965,0,-6.296730297656964
AGATATCGTGGGGCCA,47.0,1.0,-5.452529472259379,0.5,-7.233562529975618,variant,,,,,,LibB,ATT192AGC GAC250GCG,I192S D250A,2,2,2,1,1,1,1.0,-5.294389043206108,0.5,-7.180695892144508,-6.237542467675308,0,-6.290294234396402
CCCGACACTTCGCGAC,56.0,0.5,-6.705295542639346,0.5,-6.766994730056692,variant,,,,,,LibB,GGC70--- CAC678GAG GCA889CCC AGG1011ATC,G70- H678E A889P R1011I,4,4,3,1,1,0,1.0,-5.966814385177604,1.0,-5.7141280922255815,-5.840471238701593,0,-6.288308187524806
TTATCATGATGTAGAT,57.0,2.0,-4.730830634746484,2.0,-5.509196972589045,variant,,,,,,LibB,CAT66TAC GAC212AGC,H66Y D212S,2,2,2,1,1,1,0.5,-8.43904728603799,1.0,-6.4563303347579355,-7.447688810397963,0,-6.283851307032863
AAATAACATGCACTCT,78.0,1.0,-6.18334283944399,2.0,-5.477488112861707,variant,,,,,,LibB,ATC93ACC GAG211GAA CCC370TAG,I93T P370*,3,2,0,1,1,1,0.5,-7.0223094977693075,1.0,-6.424621475030597,-6.723465486399952,0,-6.276940481276401
TAAATATTCATACCCA,34.0,2.0,-3.9854034618320817,1.0,-6.395025952669734,variant,,,,,,LibB,AGC96TTG,S96L,1,1,0,1,1,0,0.5,-7.316756856234562,0.5,-7.342159314838624,-7.329458085536594,0,-6.259836396393751
ACCCAATCAGAAAATC,41.0,2.0,-4.255492625199826,1.0,-6.509196972589045,variant,,,,,,LibB,GAC173CTG GGC754GCC,D173L G754A,2,2,1,1,1,0,0.5,-6.802183683404804,0.5,-7.4563303347579355,-7.129257009081369,0,-6.255800903987903
GTGGACCTGAAGTGTC,91.0,0.5,-7.405735260780438,1.0,-6.509196972589045,variant,,,,,,LibB,AAC922AAG,N922K,1,1,1,0,0,0,0.5,-6.15237003833368,3.0,-4.871367834036779,-5.5118689361852296,0,-6.234667526434985
AATAATCACTCATTTT,40.0,0.5,-6.219868715469104,3.0,-7.015382359926084,WT,,,,,,LibB,GTG573GTA,0,1,0,0,0,0,0,4.0,-3.15237003833368,1.0,-8.54747822281613,-5.849924130574905,0,-6.23377483413625
GGAGATAATCCATAGC,81.0,0.5,-7.237790623466367,2.0,-5.343187021150116,variant,,,,,,LibB,CTG238ATC GGC254GGG,L238I,2,1,1,0,0,0,1.0,-5.049276545369577,0.5,-7.290320383319006,-6.169798464344291,0,-6.230143643326266
AGCATAGACATTGATG,132.0,5.0,-4.620406645052833,3.0,-7.111478949510228,variant,,,,,,LibB,GAT86TAC GAC212GAG,D86Y D212E,2,2,2,1,1,2,1.0,-5.523207733701989,2.0,-7.643574812400274,-6.583391273051132,0,-6.2246670351663305
AATGTGTGTTAGTGAA,82.0,1.0,-6.255492625199826,2.0,-5.271037235394281,variant,,,,,,LibB,GAA1108AAG,E1108K,1,1,1,0,0,1,0.5,-6.15237003833368,0.5,-7.21817059756317,-6.685270317948425,0,-6.224267624122739
ACAAAACTTGTTTAGC,74.0,1.0,-6.107393986210692,2.0,-6.773537575923464,variant,,,,,,LibB,GAT86GAG,D86E,1,1,1,0,0,1,2.0,-5.294389043206108,2.0,-6.720670938092354,-6.007529990649231,0,-6.223997885858154
AAGAAAACCTATTTGC,12.0,0.5,-4.482903121302899,0.5,-7.55549062486298,variant,,,,,,LibB,TGT134TTC GAC840AAC,C134F D840N,2,2,2,0,0,2,1.0,-6.338783162564561,1.0,-6.50262398703187,-6.420703574798216,0,-6.219950223940578
ACGGTGGACTCTCAGA,176.0,2.0,-6.357372239219039,0.5,-7.60034486064724,variant,,,,,,LibB,GCC219CGC AGC552ACC AAT1170AGC,A219R S552T N1170S,3,3,2,0,1,1,2.0,-4.360478233663881,1.0,-6.547478222816131,-5.453978228240006,0,-6.216418389086573
AACACTGACAACCCTC,67.0,0.5,-6.964029811039515,0.5,-6.54022386820967,variant,,,,,,LibB,GAC78ATC ATC93TTC AGC96GCC CCT1076ACC,D78I I93F S96A P1076T,4,4,3,2,3,1,1.0,-4.848977894883745,0.5,-6.48735723037856,-5.668167562631153,0,-6.210147201127873
TTACATTGGGCCTCTG,11.0,0.5,-4.357372239219039,0.5,-7.60034486064724,variant,,,,,,LibB,CAG14AAG CAA625CTG GCT763TGC,Q14K Q625L A763C,3,3,3,0,0,1,1.0,-5.316756856234562,0.5,-7.547478222816131,-6.432117539525347,0,-6.205488044729243
ATTCCTACAAATCGAT,65.0,0.5,-6.920308433610197,2.0,-5.289415764709135,variant,,,,,,LibB,GAT193CAC AGC322AAC TTT885ATC,D193H S322N F885I,3,3,3,0,0,1,1.0,-5.294389043206108,0.5,-7.2365491268780255,-6.265469085042067,0,-6.185165592100866
ACAAACCTTCAATAAG,42.0,0.5,-6.290258043360502,3.0,-5.258653510938449,variant,,,,,,LibB,GTG67GAC GGC176AGG GCC289ACC TAC366TTC AAG525ATC,V67D G176R A289T Y366F K525I,5,5,5,0,1,2,0.5,-6.381851884456448,1.0,-6.790749373828494,-6.586300629142471,0,-6.180378203145973
ACTAGAAGTCAGTTTT,57.0,2.0,-4.730830634746484,0.5,-7.477488112861707,variant,,,,,,LibB,AAT85CAC TCT150GTG,N85H S150V,2,2,2,0,0,0,3.0,-5.075748756730768,0.5,-7.424621475030597,-6.250185115880683,0,-6.177172244842389
TTAAACTTACGTACTG,91.0,3.0,-4.820772760059282,0.5,-7.377952439310793,variant,,,,,,LibB,GAG551CTG GGC1243GGT,E551L,2,1,1,0,0,0,0.5,-6.177032092567949,1.0,-6.325085801479682,-6.251058947023816,0,-6.175210773354426
AACCCCCTAAAGACAT,58.0,0.5,-6.7559216157093145,1.0,-6.307563111419395,variant,,,,,,LibB,GTG62CTG CAA411CAC ACC601ATC TTC978CAG AGC979GAG GTG1173TAC,V62L Q411H T601I F978Q S979E V1173Y,6,6,3,2,3,2,0.5,-5.381851884456448,1.0,-6.254696473588285,-5.818274179022366,0,-6.175008271293361
GACCAGCTGTTAGTGG,42.0,0.5,-6.290258043360502,2.0,-6.812183503822947,variant,,,,,,LibB,ATC206GGC GCT240GAC GAT864GAG,I206G A240D D864E,3,3,2,1,1,0,1.0,-4.817950999263121,2.0,-6.7593168659918375,-5.788633932627479,0,-6.169927353109602
TATACGAATAGAAATA,51.0,0.5,-6.570365962553238,0.5,-5.843616011659604,variant,,,,,,LibB,GCC345GTG GGC996GGA,A345V,2,1,1,0,0,1,0.5,-7.474298133221042,1.0,-4.790749373828494,-6.132523753524769,0,-6.169757370315595
CCACCGCTTTATGACT,73.0,1.0,-6.087765179461759,2.0,-5.17545957541205,variant,,,,,,LibB,AAC119AGC ATT1218GTG,N119S I1218V,2,2,2,0,0,2,0.5,-6.271668966706025,0.5,-7.122592937580939,-6.697130952143482,0,-6.164371664790194
CGGTTACAATTGACCT,99.0,0.5,-7.527297240661352,2.0,-5.343187021150116,variant,,,,,,LibB,GAC250TAC ACA304GAC TGT485TAT,D250Y T304D C485Y,3,3,1,1,2,1,0.5,-6.402913499984277,2.0,-5.290320383319006,-5.846616941651641,0,-6.140929536278688
GCACAACATTTAGACA,150.0,2.0,-6.126759311077623,2.0,-5.6438464992838275,variant,,,,,,LibB,ACC19TTC ACC74GTC CTG861CTA TCC1239ATC,T19F T74V S1239I,4,3,1,2,2,1,2.0,-6.2012796388146265,1.0,-6.590979861452717,-6.396129750133672,0,-6.1407163276571985
ATAATACAATAACAAG,67.0,1.0,-5.964029811039515,1.0,-6.008002829560487,variant,,,,,,LibB,CTG82GTG CCT789ACC AGA980AAG CAG1068GAG,L82V P789T R980K Q1068E,4,4,4,0,0,1,1.0,-5.61631713809347,0.5,-6.955136191729377,-6.285726664911424,0,-6.1358714926057125
TCTCAATAAACCCTAT,341.0,3.0,-6.726606048884759,9.0,-4.781494299751807,variant,,,,,,LibB,AGC110CCC ACC373AAC TTC978TAC AGC979GCG ACA1114GCG,S110P T373N F978Y S979A T1114A,5,5,4,3,3,3,1.0,-7.720653797908206,6.0,-5.313590162641853,-6.5171219802750295,0,-6.135586077296656
TCCTAACCAGCTGGGT,258.0,2.0,-6.909167876004997,1.0,-6.80581397894722,variant,,,,,,LibB,TCC1249ATC,S1249I,1,1,0,0,1,0,0.5,-6.294389043206108,5.0,-4.431019246228748,-5.362704144717428,0,-6.1100975360967675
CAGTAATTGGTTCATC,14.0,0.5,-4.705295542639346,1.0,-6.135382136036714,variant,,,,,,LibB,GAC173GAA AAC654GAC ACA1114TGG GCA1223ACA,D173E N654D T1114W A1223T,4,4,3,2,2,1,0.5,-7.51355756366827,1.0,-6.082515498205605,-6.798036530936937,0,-6.109187685137484
ACTGTGAGCATTAGTT,39.0,0.5,-6.18334283944399,1.0,-6.54022386820967,variant,,,,,,LibB,ACA247ATC,T247I,1,1,1,0,0,1,1.0,-5.2251263807689945,1.0,-6.48735723037856,-5.856241805573777,0,-6.109012579700304
CCCCATTCAAATCTCA,72.0,1.0,-6.067865622024055,1.0,-7.369339309006085,variant,,,,,,LibB,CTC1001ATC AAC1189GAC,L1001I N1189D,2,2,2,0,0,1,4.0,-3.6519410478241916,1.0,-7.316472671174974,-5.484206859499583,0,-6.101404662507327
CCATGGGCATTGTATA,88.0,1.0,-6.357372239219039,3.0,-5.128592970374076,variant,,,,,,LibB,GAG295TAG GTG733ATG,E295* V733M,2,2,0,0,0,0,0.5,-6.248585353592984,1.0,-6.660688833264121,-6.454637093428552,0,-6.098809849112555
CGCCCTTCTAGGAAGC,59.0,1.0,-5.780583669943583,0.5,-6.686074734673125,variant,,,,,,LibB,ACC74CAC ACC373GTG CAC951CTC,T74H T373V H951L,3,3,2,2,2,1,0.5,-6.294389043206108,1.0,-5.633208096842014,-5.9637985700240606,0,-6.098563886166208
TCAGCGAAAAAGTAAC,11.0,0.5,-4.357372239219039,2.0,-6.040917452033222,variant,,,,,,LibB,TTC852AGC,F852S,1,1,1,0,0,1,1.0,-6.973869142711554,1.0,-6.988050814202111,-6.980959978456832,0,-6.090052412041482
TGAAAAAATATAACCA,14.0,1.0,-3.7052955426393464,0.5,-8.165544106546967,variant,,,,,,LibB,GTC1134TTC,V1134F,1,1,1,0,0,0,0.5,-6.360478233663881,2.0,-6.112677468715857,-6.236577851189869,0,-6.085998837891513
ATTAGATAAGAGTACT,82.0,0.5,-7.255492625199826,2.0,-5.343187021150116,variant,,,,,,LibB,GAC136ACG TTC152TAC ACC281CTG GAC439GAT TTC978GAC,D136T F152Y T281L F978D,5,4,2,2,3,0,1.0,-5.402913499984277,1.0,-6.290320383319006,-5.846616941651641,0,-6.072978382413306
TCTCCAAATATTAAGG,287.0,1.0,-8.06284754725743,2.0,-5.831125067476408,variant,,,,,,LibB,GGA479AGC TCC670TCT CAC678CGG TCC1249CGC,G479S H678R S1249R,4,3,2,1,2,2,4.0,-5.164753762789513,3.0,-5.193295928924141,-5.179024845856826,0,-6.0630055766118724
ACGTGACTTATTTAAG,42.0,1.0,-5.290258043360502,1.0,-7.195088382160982,variant,,,,,,LibB,GTG67AAC GCC1075TCG ACA1114TTG GAG1185GCC,V67N A1075S T1114L E1185A,4,4,2,1,3,2,4.0,-4.6072719984904635,1.0,-7.142221744329873,-5.874746871410168,0,-6.058710042085456
TCTGCTTCCATACAAT,60.0,2.0,-4.804831216190261,0.5,-7.766994730056692,variant,,,,,,LibB,ACC22AGC GAG211CCC GCA698TCC GCC843AAC TGT1244TGG,T22S E211P A698S A843N C1244W,5,5,3,2,3,1,4.0,-3.909098887321316,0.5,-7.7141280922255815,-5.811613489773449,0,-6.048763231448463
AGATCAATTACGTACT,183.0,3.0,-5.828677958144628,5.0,-4.882875442106831,variant,,,,,,LibB,AGC96ATG,S96M,1,1,0,1,1,0,3.0,-5.256321002372588,0.5,-8.151936899163085,-6.704128950767837,0,-6.029952825446783
AAACTGCACATAAGCG,79.0,1.0,-6.201721368758845,2.0,-5.6149916366116415,variant,,,,,,LibB,GTG442ATG GAT947GGC GTG1101TTG,V442M D947G V1101L,3,3,2,1,1,2,0.5,-6.669428474553033,2.0,-5.562124998780532,-6.115776736666783,0,-6.012066619676013
CTAACTCGCTGGTACA,162.0,4.0,-5.237790623466367,2.0,-7.329930924447849,variant,,,,,,LibB,AAC700AGC CAA1205CTG,N700S Q1205L,2,2,2,0,0,1,4.0,-5.774169307235208,6.0,-5.692101785895583,-5.7331355465653955,0,-6.008498160261252
ATGGACCAACCGACAT,18.0,1.0,-4.067865622024055,0.5,-7.135382136036714,variant,,,,,,LibB,AGA405AGC GAG699AAG TCT732GCC,R405S E699K S732A,3,3,3,0,0,2,1.0,-5.737332539054837,0.5,-7.082515498205605,-6.409924018630221,0,-6.005773948830303
ATAAACAGCTGGTATC,63.0,0.5,-6.8752205440816585,0.5,-6.892525612140551,variant,,,,,,LibB,CAC678AAC AAC1189TAC,H678N N1189Y,2,2,1,1,1,0,1.0,-5.966814385177604,3.0,-4.254696473588285,-5.1107554293829445,0,-5.9973142537470245
TTCACTCAAGCAGAGC,89.0,2.0,-5.37367405154814,1.0,-6.271037235394281,variant,,,,,,LibB,GGC216GAC AAC1175ACC,G216D N1175T,2,2,2,0,0,1,0.5,-6.101743965263712,1.0,-6.21817059756317,-6.159957281413441,0,-5.9911564624423255
TACTAAAACTAACAAG,98.0,1.0,-6.51265046469695,3.0,-5.42304032883933,variant,,,,,,LibB,ACC33ATC CTG171CGG GAT947GAC ATG1234ATC,T33I L171R M1234I,4,3,2,1,1,2,0.5,-6.598169791383211,3.0,-5.370173691008221,-5.984171741195716,0,-5.9760085689819284
GCCGAGAAAGTTGCAA,53.0,1.0,-5.625861075144941,1.0,-6.46136844749843,variant,,,,,,LibB,TAT657CAT,Y657H,1,1,1,0,0,1,2.0,-4.402913499984277,0.5,-7.40850180966732,-5.9057076548257985,0,-5.9746612080737425
TTTGTGACCGTGTTTC,144.0,1.0,-7.067865622024055,2.0,-4.155560017974345,variant,,,,,,LibB,AGC637GCC,S637A,1,1,1,0,1,0,0.5,-6.542316556649694,0.5,-6.102693380143235,-6.322504968396464,0,-5.967108894197832
TATCCGCCCTGGCATT,216.0,2.0,-6.652828122745211,3.0,-5.2080274378684805,variant,,,,,,LibB,AAG145ATC ATT1222GTG GGC1243TGC,K145I I1222V G1243C,3,3,3,0,0,3,1.0,-5.248585353592984,1.0,-6.740123300758526,-5.9943543271757544,0,-5.9623910537413005
TATAACGAAAAAAGAT,14.0,0.5,-4.705295542639346,1.0,-6.477488112861707,variant,,,,,,LibB,GTG67ACG ACC162GAG GTG1173GCG,V67T T162E V1173A,3,3,2,0,2,1,1.0,-6.177032092567949,1.0,-6.424621475030597,-6.300826783799273,0,-5.9461093057749
AATACTACATATAAAT,34.0,0.5,-5.985403461832082,1.0,-6.493429656730728,variant,,,,,,LibB,GGC1096AGC,G1096S,1,1,1,0,0,1,1.0,-6.423672060151074,3.0,-4.855600518178463,-5.639636289164768,0,-5.939526424223087
TTATTCTAATGCAAGC,63.0,1.0,-5.8752205440816585,4.0,-4.916372354094919,variant,,,,,,LibB,GGC73TTC CAC1098GAC AAG1188GGG,G73F H1098D K1188G,3,3,1,1,2,1,1.0,-6.049276545369577,1.0,-6.863505716263809,-6.456391130816693,0,-5.926093789952491
GCTAAGTACCCTAACA,118.0,1.0,-6.780583669943583,2.0,-5.509196972589045,variant,,,,,,LibB,AAG525ACG AAG966TAG AGG1016AAG,K525T K966* R1016K,3,3,1,0,0,0,0.5,-6.523207733701989,3.0,-4.871367834036779,-5.697287783869385,0,-5.921089052567849
ATACACCACAAGGATT,394.0,4.0,-6.519992440038118,8.0,-5.457310230924077,variant,,,,,,LibB,GAC140GAG AAG307AGG CAG471CAA AAG1188GGC,D140E K307R K1188G,4,3,2,1,2,1,2.0,-5.294389043206108,4.0,-6.404443593092966,-5.849416318149537,0,-5.919033826815318
CTGCCACCCTAGGTTA,64.0,0.5,-6.897940620581742,1.0,-5.962914940031949,variant,,,,,,LibB,AGG100ATC GAG151GAC,R100I E151D,2,2,2,0,0,2,0.5,-5.879351543927264,2.0,-4.910048302200839,-5.394699923064051,0,-5.912563851685448
AGGTCCGCGACTAATA,35.0,2.0,-4.027223637526709,1.0,-8.083667099492558,variant,,,,,,LibB,GAC140CCC GAC1143GAG,D140P D1143E,2,2,1,1,1,1,2.0,-3.503842408835058,1.0,-8.03080046166145,-5.767321435248254,0,-5.911383401878944
GAGGAACGGCGACCCT,273.0,1.0,-7.990697761501595,6.0,-4.695293264702503,variant,,,,,,LibB,ACC1097AAG,T1097K,1,1,1,0,0,0,4.0,-3.7037799793438095,1.0,-7.2273891275925495,-5.4655845534681795,0,-5.904290033285114
AACCAGAAAAAGGGCA,69.0,2.0,-5.006465077359911,6.0,-4.75822452042896,variant,,,,,,LibB,GTG207ATG AAG792GAG AGA1182AGC,V207M K792E R1182S,3,3,3,0,0,2,1.0,-5.56117558390101,0.5,-8.290320383319006,-6.925747983610008,0,-5.904046391252221
GTTTTAGAAGAGCCTA,79.0,5.0,-3.8797932738714827,3.0,-6.0445287055856,variant,,,,,,LibB,AGC96CAC GGC1121GCC,S96H G1121A,2,2,1,1,1,0,3.0,-6.084465973831876,1.0,-7.576624568475647,-6.8305452711537615,0,-5.896353130441152
GTAATACAGCGTTGGT,52.0,6.0,-3.0134178380016783,2.0,-6.636686707710961,variant,,,,,,LibB,TTC152CTC,F152L,1,1,1,0,1,1,1.0,-6.349671478707298,1.0,-7.5838200698798515,-6.9667457742935746,0,-5.895899023574947
ACCCTATATTTCAAGC,105.0,1.0,-6.612186138247865,0.5,-7.114918033476999,variant,,,,,,LibB,CCC210GTG,P210V,1,1,0,1,1,0,2.0,-4.753820661843405,2.0,-5.062051395645889,-4.907936028744647,0,-5.8857440573035396
AAGTGCACAAGCAACA,137.0,0.5,-7.995972703542269,2.0,-4.307563111419395,variant,,,,,,LibB,GCT472ACT AAC654TAC,A472T N654Y,2,2,2,0,0,2,3.0,-4.928595062947114,0.5,-6.254696473588285,-5.5916457682677,0,-5.871706837874266
GTTCCCTTAATGCTCC,51.0,0.5,-6.570365962553238,0.5,-6.114918033476999,variant,,,,,,LibB,ATT709ACT GCC843CCC AAC1189AGC,I709T A843P N1189S,3,3,2,1,1,1,0.5,-4.6867064659848685,0.5,-6.062051395645889,-5.374378930815379,0,-5.858510464415248
ATACTAAACCTCAAGG,67.0,2.0,-4.964029811039515,5.0,-5.29306354172428,variant,,,,,,LibB,GAC78GAT CCC210CAC CTG1194ATG,P210H L1194M,3,2,1,1,1,0,1.0,-5.598169791383211,1.0,-7.562124998780532,-6.580147395081871,0,-5.854347035731885
CTTAACGGCATTTTAA,80.0,0.5,-7.219868715469104,1.0,-7.243022859224684,variant,,,,,,LibB,GCA698GCC GAT947GAC ATC1213ACC,I1213T,3,1,1,0,0,1,4.0,-2.7538206618434056,2.0,-6.190156221393575,-4.47198844161849,0,-5.8517171144826925
CATGCAAGAGGGGAAA,70.0,3.0,-4.442261136805552,0.5,-7.325485019416657,variant,,,,,,LibB,ACC22AAC GTG1225AAC,T22N V1225N,2,2,1,0,1,1,0.5,-6.316756856234562,2.0,-5.272618381585547,-5.7946876189100545,0,-5.839280348510579
CTTTCTGGAATAGAGC,152.0,3.0,-5.560905633304172,0.5,-7.073097857782372,variant,,,,,,LibB,TTC372CGG,F372R,1,1,0,1,1,0,3.0,-4.663622852871827,1.0,-6.0202312199512615,-5.341927036411544,0,-5.829464390977408
TTCATACTCTGAGTAA,71.0,2.0,-5.047687740086425,0.5,-7.360674447878957,variant,,,,,,LibB,GGT611GTG TCT1018TTC,G611V S1018F,2,2,2,0,1,1,1.0,-5.598169791383211,2.0,-5.307807810047847,-5.452988800715529,0,-5.8285849473491105
GGAGCGATTGAGCCGG,58.0,2.0,-4.7559216157093145,1.0,-6.6721355437152505,variant,,,,,,LibB,TTC32AGC,F32S,1,1,1,0,0,1,2.0,-4.2251263807689945,0.5,-7.619268905884141,-5.922197643326568,0,-5.818113111519425
GGGCGGAAAGTTGAGT,59.0,0.5,-6.780583669943583,1.0,-4.792989938589637,variant,,,,,,LibB,CAC678TAC ACC884ATC TTT885--- GGA886--- AGC979GCG CTG1021AGG AAG1070AGG,H678Y T884I F885- G886- S979A L1021R K1070R,7,7,4,2,2,3,0.5,-5.909098887321316,0.5,-5.740123300758526,-5.824611094039922,0,-5.805698949153266
TTCGACTAGAATCTGC,23.0,1.0,-4.421502576638755,1.0,-6.195088382160982,variant,,,,,,LibB,AAG853CAG CCT1066TCT,K853Q P1066S,2,2,1,1,1,1,1.0,-5.423672060151074,0.5,-7.142221744329873,-6.282946902240473,0,-5.795621190820171
AAAAATACTAGGTAAC,46.0,2.0,-4.421502576638755,1.0,-6.428578512380761,variant,,,,,,LibB,TTC133CTG,F133L,1,1,1,0,0,1,1.0,-5.938245232980833,1.0,-6.37571187454965,-6.156978553765242,0,-5.7910095491375
TGCATATTATGAGCTA,160.0,1.0,-7.219868715469104,1.0,-5.916372354094919,variant,,,,,,LibB,CCT26AGG AGC356GGC CTG1046CCG CTG1215TTG,P26R S356G L1046P,4,3,2,1,1,1,4.0,-4.15237003833368,1.0,-5.863505716263809,-5.007937877298744,0,-5.7880292060403775
AACACCTATAGACAAT,124.0,0.5,-7.8521369309686175,4.0,-4.428578512380761,variant,,,,,,LibB,GCC121GTG GAC212GCC AGC747TGC,A121V D212A S747C,3,3,3,1,1,2,1.0,-6.484213602086125,4.0,-4.37571187454965,-5.429962738317888,0,-5.785160229996289
GTGACATACCTCTCGG,109.0,8.0,-3.6661249453586686,1.0,-6.271037235394281,variant,,,,,,LibB,AAG182CAG CAG236CTG,K182Q Q236L,2,2,2,0,0,0,1.0,-5.980889570389326,0.5,-7.21817059756317,-6.599530083976248,0,-5.784055587176361
TCAGAGTAAGATGAAT,22.0,1.0,-4.357372239219039,0.5,-7.493429656730728,variant,,,,,,LibB,CAA23CTG GAC976TAC,Q23L D976Y,2,2,2,0,0,2,2.0,-3.817950999263121,0.5,-7.440563018899619,-5.629257009081369,0,-5.777328978528127
GCTTGAGCGAGAGATA,135.0,1.0,-6.9747562176325735,3.0,-3.6860747346731246,variant,,,,,,LibB,AGG153---,R153-,1,1,1,0,0,0,0.5,-6.2251263807689945,0.5,-6.21817059756317,-6.221648489166082,0,-5.7760319826594655
TTACCTACTTTAAAGA,113.0,0.5,-7.71811958299693,1.0,-6.155560017974345,variant,,,,,,LibB,CTG543CTA ACC880ATC GGC1096GAC,T880I G1096D,3,2,2,0,0,2,2.0,-4.12727905737085,2.0,-5.102693380143235,-4.614986218757043,0,-5.775913009621339
CCCTACAGCGGTTATC,70.0,0.5,-7.027223637526709,1.0,-5.686074734673125,variant,,,,,,LibB,AAG441ATG GCA650CGC,K441M A650R,2,2,1,1,1,1,0.5,-6.316756856234562,3.0,-4.048245596120859,-5.182501226177711,0,-5.769575206138814
ATATGTCCTCGGGTTG,104.0,1.0,-6.598380338722834,2.0,-5.233562529975618,variant,,,,,,LibB,AGC110ACC CCA334AGC,S110T P334S,2,2,2,0,0,1,0.5,-6.542316556649694,3.0,-4.595733391423352,-5.569024974036523,0,-5.7424982041928745
ATTCTCCCTCGCTATG,401.0,4.0,-6.545399047036662,1.0,-6.974319703304198,variant,,,,,,LibB,AGC92TTC GAG211GCC CTG387CTA CAC951GTC,S92F E211A H951V,4,3,1,2,2,1,3.0,-3.3818518844564474,2.0,-5.921453065473088,-4.651652474964767,0,-5.705755925067599
TGACGCAGTCCAGTAT,67.0,0.5,-6.964029811039515,3.0,-4.509196972589045,variant,,,,,,LibB,TCC588TTC TCC813TCA CAA833CGA,S588F Q833R,3,2,2,0,0,2,0.5,-6.271668966706025,2.0,-5.041292835479092,-5.656480901092558,0,-5.696547146453419
ACGGTTTATAGCACAG,32.0,0.5,-5.897940620581742,3.0,-4.826937270512974,variant,,,,,,LibB,CAG132CTG CCC210CAC AAG544GGC GCT620GCC,Q132L P210H K544G,4,3,1,1,2,1,2.0,-4.669428474553033,0.5,-7.35903313340302,-6.014230803978027,0,-5.688334874762692
TATACTATGTCAGCAA,20.0,1.0,-4.219868715469104,0.5,-7.214453707027913,variant,,,,,,LibB,AGC13CTG ATC93GCC CTG238CTA CAC678TCC AAG853CGG,S13L I93A H678S K853R,5,4,2,4,4,2,3.0,-4.152370038333681,0.5,-7.161587069196803,-5.656978553765242,0,-5.687069882506876
TCGTGAGTAGGACACC,60.0,2.0,-4.804831216190261,1.0,-6.493429656730728,variant,,,,,,LibB,GAC173ACC GCA698ACG,D173T A698T,2,2,2,1,2,1,0.5,-3.9948287613472,0.5,-7.440563018899619,-5.71769589012341,0,-5.683413163291952
TACCACTCAATATAAT,31.0,1.0,-4.8521369309686175,1.0,-7.40348753141793,variant,,,,,,LibB,GTG67AAC GTG188CTG GGA258AGA,V67N V188L G258R,3,3,2,1,2,2,3.0,-3.9948287613472,2.0,-6.350620893586821,-5.17272482746701,0,-5.650268529330142
CTTAACATAGTACGCA,85.0,1.0,-6.307331556719444,0.5,-7.252421557226933,variant,,,,,,LibB,CAA23AGG,Q23R,1,1,1,0,0,1,1.0,-5.15237003833368,5.0,-3.8776268245084613,-4.514998431421071,0,-5.6474374941971295
TTCCATGACATCGGTA,109.0,1.0,-6.666124945358669,3.0,-5.015382359926084,variant,,,,,,LibB,AGC110TTC TCC251ACC AGC493CTG GCA665GTG GAG1179CAG AAG1188AAC,S110F S251T S493L A665V E1179Q K1188N,6,6,5,2,3,3,3.0,-6.290627124409909,4.0,-4.547478222816131,-5.41905267361302,0,-5.629903163127699
GGATTGGGCACACACG,159.0,1.0,-7.2108235758660975,1.0,-6.41189977123413,variant,,,,,,LibB,AGG208CAC,R208H,1,1,1,0,0,1,3.0,-3.4907862560096112,2.0,-5.35903313340302,-4.424909694706316,0,-5.618135684128214
GGCCCCTCCCATGTTG,79.0,0.5,-7.201721368758845,2.0,-4.792989938589637,variant,,,,,,LibB,ACC1235AAC,T1235N,1,1,1,0,0,1,1.0,-3.686706465984868,0.5,-6.740123300758526,-5.213414883371697,0,-5.605385268522969
TGACGTGATGAACACA,163.0,6.0,-4.661706274091664,7.0,-4.612908322111153,variant,,,,,,LibB,AGG100AGC ACC373GCC CTG1221ATG,R100S T373A L1221M,3,3,3,0,0,1,0.5,-8.069176102807281,5.0,-5.045468511450284,-6.557322307128783,0,-5.597314802615096
ATATTAACACAGCTCA,141.0,4.0,-5.037491972980535,2.0,-6.145506353310422,variant,,,,,,LibB,CCC210GCG CCA292CCG GGA1220GAA,P210A G1220E,3,2,0,1,1,0,4.0,-5.062573367983035,2.0,-6.0926397154793115,-5.577606541731173,0,-5.584552852438326
GCCCCAATACAAGGAC,106.0,0.5,-7.625861075144941,1.0,-5.818525030696774,variant,,,,,,LibB,GAC140ATG TTT163GTT TGT1245TAC,D140M F163V C1245Y,3,3,2,1,1,1,1.0,-3.101743965263712,1.0,-5.765658392865664,-4.433701179064688,0,-5.577947115992773
CGTCGTAAAATTCAAG,54.0,3.0,-4.067865622024055,3.0,-4.648600029254461,variant,,,,,,LibB,AAC357GAC,N357D,1,1,1,0,0,0,1.0,-7.381851884456448,1.0,-6.180695892144508,-6.781273888300477,0,-5.569753356969867
AAGTGATCTCGAACCC,151.0,3.0,-5.551382859185665,1.0,-6.307563111419395,variant,,,,,,LibB,ACC22CCC GCT842CCG,T22P A842P,2,2,2,1,1,0,1.0,-6.484213602086125,5.0,-3.9327683787009224,-5.208490990393524,0,-5.5689819878480264
TAACATGTGTAAAACG,97.0,2.0,-5.4978534627688695,3.0,-5.784376808284929,variant,,,,,,LibB,GAC212AGC CTG387ATG AGC810CGC,D212S L387M S810R,3,3,3,1,2,0,4.0,-4.669428474553033,2.0,-6.316472671174974,-5.492950572864004,0,-5.5670328541954515
GTTACCCGTTTTTATT,133.0,2.0,-5.953223056082932,2.0,-5.477488112861707,variant,,,,,,LibB,GAA1199AAG,E1199K,1,1,1,0,0,1,0.5,-5.938245232980833,3.0,-4.839658974309441,-5.388952103645137,0,-5.552153844058728
ACCAACTTAGAATAAA,153.0,1.0,-7.155328463274394,3.0,-4.5904970746908935,variant,,,,,,LibB,GAG211CAC CCA381CTG AAG1083CAG,E211H P381L K1083Q,3,3,2,1,2,1,1.0,-5.316756856234562,2.0,-5.122592937580939,-5.219674896907751,0,-5.546293832945198
ATGAAACCCATGCATT,165.0,3.0,-5.679300334106402,1.0,-6.155560017974345,variant,,,,,,LibB,CTG5AGC ATC1169ACC,L5S I1169T,2,2,2,0,1,0,2.0,-5.236903548545348,2.0,-5.102693380143235,-5.169798464344291,0,-5.543614320192333
GTCAGCCACTAAAGAT,104.0,1.0,-6.598380338722834,2.0,-4.843616011659604,variant,,,,,,LibB,GCA259TTG,A259L,1,1,1,1,1,0,1.0,-4.909098887321316,1.0,-5.790749373828494,-5.349924130574905,0,-5.535461152883062
GAAAAGACTTCAAATT,100.0,2.0,-5.541796810356467,0.5,-7.195088382160982,variant,,,,,,LibB,CTG974TTG GCT1219ACT ATA1229GTG,A1219T I1229V,3,2,2,0,0,2,9.0,-3.232988498541965,1.0,-6.142221744329873,-4.687605121435919,0,-5.528023858847321
AGCCTTTGTTAAAATA,78.0,3.0,-4.598380338722834,1.0,-6.54022386820967,variant,,,,,,LibB,CAA1008CTG GGC1082GAC,Q1008L G1082D,2,2,1,0,0,0,2.0,-4.464314044648421,1.0,-6.48735723037856,-5.475835637513491,0,-5.522568870489871
GTAAAATACTACCAAA,81.0,2.0,-5.237790623466367,2.0,-5.360674447878957,variant,,,,,,LibB,GGC1168GAC ATG1230CTG,G1168D M1230L,2,2,2,0,0,1,1.0,-6.737332539054837,3.0,-4.722845309326691,-5.730088924190763,0,-5.5146607299317125
AGGGGGTCTTGGTTGT,120.0,4.0,-4.804831216190261,3.0,-4.648600029254461,variant,,,,,,LibB,GCA1017CCC AAG1025AAA,A1017P,2,1,0,0,1,0,0.5,-6.402913499984277,1.0,-6.180695892144508,-6.291804696064393,0,-5.509260159393376
TAATAGTAAGCAAAAC,231.0,0.5,-8.7496896619978,3.0,-3.6486000292544616,variant,,,,,,LibB,TTT104TAC AAC600GAC,F104Y N600D,2,2,2,0,0,0,2.0,-5.392421126166635,2.0,-4.180695892144508,-4.786558509155571,0,-5.492851677390851
CGCCCAAATTTAAGAT,60.0,3.0,-4.219868715469104,2.0,-5.753819341308959,variant,,,,,,LibB,TGG64GGC GAC78CTC TTT1100AGC,W64G D78L F1100S,3,3,2,0,1,1,0.5,-7.260173327868195,4.0,-4.700952703477848,-5.980563015673022,0,-5.483703522031027
AAAATATTCAAACAAG,61.0,1.0,-5.828677958144628,2.0,-5.271037235394281,variant,,,,,,LibB,GCC341GTG,A341V,1,1,1,0,0,1,0.5,-6.2012796388146265,3.0,-4.633208096842014,-5.41724386782832,0,-5.4835507322988875
CCTAAGTATTGTTTCC,105.0,1.0,-6.612186138247865,1.0,-7.46136844749843,variant,,,,,,LibB,GAC212TCC AAG1188GTG TCC1249ACC,D212S K1188V S1249T,3,3,2,1,3,0,2.0,-1.9948287613472,3.0,-5.823539308946164,-3.909184035146682,0,-5.472980664009914
CCTAACAAAAACGTTA,71.0,2.0,-5.047687740086425,2.0,-5.195088382160982,variant,,,,,,LibB,AAC143AAT TTC152CCC GGC229GGT GCA257ACA ATT847CTG GAT1160TGG,F152P A257T I847L D1160W,6,4,2,0,2,2,3.0,-4.503842408835058,0.5,-7.142221744329873,-5.823032076582465,0,-5.472210068853085
AACGAGAAGGGCTATA,47.0,2.0,-4.452529472259379,3.0,-5.908467156009572,variant,,,,,,LibB,ACC19TTG GTG67CTC GGC1082GAC GCT1219ACT,T19L V67L G1082D A1219T,4,4,1,1,2,1,1.0,-5.651941047824192,3.0,-5.855600518178463,-5.753770783001327,0,-5.467134548567902
ACACCCGAATCCATAG,219.0,5.0,-5.350799585295554,1.0,-6.395025952669734,variant,,,,,,LibB,GGC1216GAG,G1216E,1,1,0,0,1,0,2.0,-6.101743965263712,5.0,-4.0202312199512615,-5.060987592607487,0,-5.466950180795065
CAATCCAAAAAAACTG,115.0,2.0,-5.743430671526117,2.0,-6.46136844749843,variant,,,,,,LibB,GGC179GGT ACA203CTG CCA227GTG,T203L P227V,3,2,2,0,0,0,3.0,-3.7968893837352913,3.0,-5.823539308946164,-4.810214346340728,0,-5.4563069529265
ACAGGGTAAAACTAAC,30.0,1.0,-4.804831216190261,3.0,-4.792989938589637,variant,,,,,,LibB,GCA685GTG GAC1115TGC CTC1138TGG,A685V D1115C L1138W,3,3,2,1,2,1,3.0,-4.859173661989634,0.5,-7.325085801479682,-6.0921297317346585,0,-5.445520154562303
ACACCAGAAGGGTAGA,51.0,0.5,-6.570365962553238,0.5,-4.445066635169329,variant,,,,,,LibB,GGC73--- CCA558ACC,G73- P558T,2,2,2,0,0,0,0.5,-6.360478233663881,0.5,-4.39219999733822,-5.37633911550105,0,-5.442027707181167
ATGTAAATTTTTACCA,47.0,1.0,-5.452529472259379,2.0,-5.699880534198155,variant,,,,,,LibB,TTC152CAC GAC173GGC,F152H D173G,2,2,1,1,2,1,2.0,-3.9668143851776034,1.0,-6.647013896367045,-5.306914140772324,0,-5.441559572000545
AGCTACTAACCAATAT,236.0,1.0,-7.780583669943583,3.0,-4.892525612140551,variant,,,,,,LibB,GGC1248GTG,G1248V,1,1,1,0,0,1,5.0,-4.210865687643825,3.0,-4.839658974309441,-4.525262330976632,0,-5.43090848600935
CGACTTTCATCTAATC,80.0,0.5,-7.219868715469104,0.5,-5.307563111419395,variant,,,,,,LibB,AGC96GCC CCA334AGC GCT472TCT,S96A P334S A472S,3,3,3,1,1,2,1.0,-3.9382452329808326,0.5,-5.254696473588285,-4.596470853284559,0,-5.4300933833644045
AGATATATATTATAAA,79.0,1.0,-6.201721368758845,1.0,-6.17545957541205,variant,,,,,,LibB,ACC296ATC TCC588ACC,T296I S588T,2,2,2,0,0,1,2.0,-4.15237003833368,2.0,-5.122592937580939,-4.637481487957309,0,-5.4130359800213785
GAACCAAGGACCTTGC,98.0,1.0,-6.51265046469695,2.0,-5.629491206306757,variant,,,,,,LibB,GAC212TGC TAC262TAT GAC1143AAC TCC1249GCC,D212C D1143N S1249A,4,3,2,1,2,1,2.0,-4.423672060151074,3.0,-4.991662067754491,-4.7076670639527824,0,-5.389368949727317
ACCCCTTATGTTCAAT,108.0,3.0,-5.067865622024055,1.0,-6.377952439310793,variant,,,,,,LibB,ATC98GTG ACC569CGC,I98V T569R,2,2,1,1,1,1,3.0,-3.753820661843405,1.0,-6.325085801479682,-5.039453231661543,0,-5.3811811311644835
ACGACACAAATCTGTA,52.0,2.0,-4.598380338722834,3.0,-6.5350988360318025,variant,,,,,,LibB,GAC78TAC,D78Y,1,1,1,0,1,1,3.0,-4.542316556649694,5.0,-5.745266604034486,-5.14379158034209,0,-5.355265583859705
GATCATCAACACCGCA,74.0,0.5,-7.107393986210692,1.0,-6.477488112861707,variant,,,,,,LibB,AGC443AGT TCC936GCC TCC1236AAC,S936A S1236N,3,2,2,1,1,0,3.0,-2.9573540559285374,3.0,-4.839658974309441,-3.8985065151189895,0,-5.345473782327594
ATTATGAATTTCCCGT,86.0,1.0,-6.3242053752838405,1.0,-6.395025952669734,variant,,,,,,LibB,CTG171CCC CCA222CTA,L171P P222L,2,2,2,1,1,0,1.0,-3.879351543927264,3.0,-4.757196814117468,-4.3182741790223655,0,-5.338944921499576
AGCACAATTTACACTT,10.0,0.5,-4.219868715469104,1.0,-5.818525030696774,variant,,,,,,LibB,GAT947AAC TCT1172GCC,D947N S1172A,2,2,2,1,1,0,0.5,-6.542316556649694,2.0,-4.765658392865664,-5.653987474757679,0,-5.336592173920309
GAGAAGTTTACCCTAC,99.0,0.5,-7.527297240661352,5.0,-3.772231378422839,variant,,,,,,LibB,CAG236GAG AAG307AGG GCC408GTG GGA1164AAG,Q236E K307R A408V G1164K,4,4,3,0,1,2,2.0,-4.966814385177604,2.0,-5.041292835479092,-5.004053610328348,0,-5.3269089599352215
AATGATCAAAGACAGG,46.0,0.5,-6.421502576638755,2.0,-5.008002829560487,variant,,,,,,LibB,GAC136GGC TTC152ATC ACA550ACG AGC979AAC GTG1173CAG,D136G F152I S979N V1173Q,5,4,3,2,4,1,1.0,-2.879351543927264,0.5,-6.955136191729377,-4.91724386782832,0,-5.315998285463971
TGCTAACGTTTTAATC,93.0,3.0,-4.8521369309686175,2.0,-5.395025952669734,variant,,,,,,LibB,ACC19CCC AGC810AGG ATT1015GTG,T19P S810R I1015V,3,3,2,1,2,1,1.0,-6.213252280480702,3.0,-4.757196814117468,-5.485224547299085,0,-5.304402994559131
AAAAGTGTTTTTCGTA,71.0,1.0,-6.047687740086425,1.0,-6.41189977123413,variant,,,,,,LibB,GAC136CAC AAC1131AGC,D136H N1131S,2,2,2,1,1,1,1.0,-3.3818518844564474,2.0,-5.35903313340302,-4.370442508929734,0,-5.3001181322950055
ACCTAGACAACCCTTA,188.0,2.0,-6.452529472259379,4.0,-4.094159473310201,variant,,,,,,LibB,CCT80AGG TCT940ATG,P80R S940M,2,2,2,0,1,0,3.0,-4.592069591846793,1.0,-6.041292835479092,-5.316681213662942,0,-5.295012843223867
CTAACAGTACCCAAGG,96.0,0.5,-7.482903121302899,2.0,-5.135382136036714,variant,,,,,,LibB,GAC386AAC,D386N,1,1,1,0,0,0,4.0,-4.7619945932891055,5.0,-3.760587403318242,-4.261290998303673,0,-5.285216813486739
TAATAATATCATTAGA,55.0,0.5,-6.679300334106402,1.0,-3.4450666351693298,variant,,,,,,LibB,CCA1109TCA,P1109S,1,1,1,0,0,1,0.5,-6.56117558390101,0.5,-4.39219999733822,-5.476687790619614,0,-5.269435637628741
ATGACTCTAAGATAGA,134.0,5.0,-4.642101716152152,3.0,-4.843616011659605,variant,,,,,,LibB,ATT663GTG GTG684GTA,I663V,2,1,1,0,0,1,2.0,-6.733180895784369,3.0,-4.790749373828494,-5.761965134806432,0,-5.252411999356155
ATAAAAACTAAACCAC,134.0,3.0,-5.379067310318359,4.0,-5.922272955534603,variant,,,,,,LibB,ACA304ACG GTG778GTA AGC807GCC CTG1031AGG CTC1138TTC,S807A L1031R L1138F,5,3,3,0,0,1,2.0,-3.3818518844564474,3.0,-6.2844438169823365,-4.833147850719392,0,-5.241908991822936
CTAAACCTGCCAATGA,14.0,1.0,-3.7052955426393464,1.0,-6.843616011659604,variant,,,,,,LibB,AGC60GCC,S60A,1,1,1,0,0,0,1.0,-2.6163171380934704,0.5,-7.790749373828494,-5.203533255960982,0,-5.238994516555229
AGATCTAGGACACTGT,22.0,1.0,-4.357372239219039,1.0,-4.939831326918908,variant,,,,,,LibB,GTG1173CTG,V1173L,1,1,1,0,1,0,0.5,-6.720653797908206,1.0,-4.886964689087797,-5.8038092434980015,0,-5.226205513283487
ATTCCCCACTTAAACT,96.0,2.0,-5.482903121302899,0.5,-6.629491206306757,variant,,,,,,LibB,ACC33ATC GAG149--- GTG442GAG,T33I E149- V442E,3,3,2,0,0,1,5.0,-4.61631713809347,3.0,-3.991662067754491,-4.303989602923981,0,-5.1800933833644045
GCATATAAACAAAAGT,23.0,1.0,-4.421502576638755,1.0,-6.17545957541205,variant,,,,,,LibB,AAC159ACC AAG761CGC ACA1114GAG,N159T K761R T1114E,3,3,1,1,2,1,1.0,-5.423672060151074,3.0,-4.537630436859783,-4.980651248505429,0,-5.139566162265415
CGAATCCAGCAGCGAG,71.0,2.0,-5.047687740086425,3.0,-4.740522518695501,variant,,,,,,LibB,CCT26CGG,P26R,1,1,1,1,1,0,2.0,-6.0822916025975395,3.0,-4.687655880864391,-5.384973741730965,0,-5.139539435560964
CTCGAATTAAATTTTA,34.0,0.5,-5.985403461832082,2.0,-3.8436160116596043,variant,,,,,,LibB,CCC210AAC AGG844AAC AAC1189AAG,P210N R844N N1189K,3,3,2,1,1,0,0.5,-5.909098887321316,1.0,-4.790749373828494,-5.349924130574905,0,-5.132216933660374
TAGAACGTATTCCCAG,66.0,4.0,-3.942334739940196,3.0,-5.6767969210851135,variant,,,,,,LibB,AGC688TAC ATT1224ATG,S688Y I1224M,2,2,2,0,0,2,3.0,-4.628289779759546,2.0,-6.20889278397516,-5.418591281867354,0,-5.114078556190004
TCACTAACAAATTTAC,73.0,3.0,-4.502802678740603,9.0,-4.550419635315558,variant,,,,,,LibB,GAC109CAC GAC425GAT TAC498TTC CAC951GTG,D109H Y498F H951V,4,3,1,2,2,1,3.0,-5.692420117179262,4.0,-5.667477998926761,-5.679949058053012,0,-5.103280107540546
CCAGACTAAATTATTC,75.0,1.0,-6.126759311077623,5.0,-5.29306354172428,variant,,,,,,LibB,AAC654AAA CAA1205GAG,N654K Q1205E,2,2,2,0,0,1,3.0,-3.3818518844564474,4.0,-5.562124998780532,-4.47198844161849,0,-5.09094993400972
ATGTCAGATTGACAAT,90.0,2.0,-5.389793716911417,3.0,-4.488135357061216,variant,,,,,,LibB,GAA164AAA AGG1104AGA GAT1160AGG,E164K D1160R,3,2,1,0,1,0,3.0,-5.464314044648421,2.0,-5.0202312199512615,-5.242272632299841,0,-5.09061858464308
GCCATAAACTGACAGG,113.0,2.0,-5.71811958299693,6.0,-4.195088382160982,variant,,,,,,LibB,ACC19GTG,T19V,1,1,0,1,1,0,0.5,-6.271668966706025,6.0,-4.142221744329873,-5.206945355517949,0,-5.081774669048452
AGATTCGTATCCAGTA,80.0,4.0,-4.219868715469104,2.0,-5.155560017974345,variant,,,,,,LibB,TTC152TGC,F152C,1,1,1,0,1,0,0.5,-6.360478233663881,3.0,-4.5177308794220785,-5.439104556542979,0,-5.063409461632352
GGAGCTCACCCCAAAA,59.0,1.0,-5.780583669943583,0.5,-5.843616011659604,variant,,,,,,LibB,GAT402ATC GCC519GTG,D402I A519V,2,2,1,0,1,1,1.0,-5.402913499984277,3.0,-3.2057868731073382,-4.304350186545808,0,-5.058225013673701
TAATAACACAAAAGTC,27.0,1.0,-4.652828122745211,0.5,-5.843616011659604,variant,,,,,,LibB,TAT657AAC,Y657N,1,1,1,0,0,0,2.0,-3.9382452329808326,0.5,-5.790749373828494,-4.864497303404663,0,-5.056359685303535
TTCAATAATACACAGG,98.0,1.0,-6.51265046469695,2.0,-4.073097857782372,variant,,,,,,LibB,GAG209AAG GCA259GGC GTG500GCG GCT567TCC ACC675TTC AGG680CGG,E209K A259G V500A A567S T675F,6,5,3,4,4,1,1.0,-6.402913499984277,4.0,-3.0202312199512615,-4.71157235996777,0,-5.002223260603715
TATGATGCAGTTTTTA,11.0,2.0,-2.3573722392190395,1.0,-5.985635016532032,variant,,,,,,LibB,GGC766GTC,G766V,1,1,1,1,1,1,0.5,-7.316756856234562,3.0,-4.347805877979766,-5.832281367107164,0,-5.00189249749135
CGAAGCTGAGGGGTAT,144.0,2.0,-6.067865622024055,2.0,-5.686074734673125,variant,,,,,,LibB,GTG125ATG GCC158GGC CTC751TTC,V125M A158G L751F,3,3,2,0,0,1,2.0,-1.6163171380934704,1.0,-6.633208096842014,-4.124762617467742,0,-5.000866397908166
GAAACTCAAAAACCTA,334.0,2.0,-7.2816449130557945,4.0,-4.629491206306757,variant,,,,,,LibB,AAG182CAG AAC700AGC,K182Q N700S,2,2,2,0,0,1,6.0,-4.240808003001264,7.0,-3.769269646418043,-4.005038824709653,0,-4.980303442195464
ATAACGTCTTGGTTAG,83.0,2.0,-5.272980051928667,4.0,-5.307563111419395,variant,,,,,,LibB,TTC152GAC AAG177AGG,F152D K177R,2,2,1,0,1,1,6.0,-3.663622852871827,3.0,-5.669733972867128,-4.666678412869477,0,-4.9784749972717535
TTCCGCAGAATAACCC,30.0,4.0,-2.804831216190261,7.0,-4.807636714554038,variant,,,,,,LibB,GAT424AAT AAC529TAC,D424N N529Y,2,2,2,0,0,1,4.0,-3.6519410478241916,0.5,-8.562124998780531,-6.107033023302361,0,-4.956633494337256
CGCAAACGAGCCAAGT,301.0,3.0,-6.546597796620288,9.0,-3.275141633727017,variant,,,,,,LibB,CTG18ATG AAG676AGC AAC700ACC,L18M K676S N700T,3,3,2,2,2,1,3.0,-6.093130834959004,6.0,-3.8072374966170637,-4.950184165788034,0,-4.930526940480843
CCTGTCCGACCCCCTC,52.0,1.0,-5.598380338722834,4.0,-3.939831326918908,variant,,,,,,LibB,GGC766GAC TCC936TTC,G766D S936F,2,2,1,2,2,1,0.5,-7.454260379984498,9.0,-2.717039687645485,-5.085650033814991,0,-4.927377933317931
ACTTCCCAGATGGCTT,82.0,3.0,-4.670530124478669,4.0,-4.325485019416657,variant,,,,,,LibB,ATC1207GTG,I1207V,1,1,1,0,0,1,1.0,-5.381851884456448,2.0,-5.272618381585547,-5.327235133020997,0,-4.912621352484331
AGCCCCCGTCGCGCAT,14.0,1.0,-3.7052955426393464,1.0,-5.985635016532032,variant,,,,,,LibB,CAA625AGG ACC1073ATC GAG1185CAG,Q625R T1073I E1185Q,3,3,3,0,0,1,4.0,-3.8943018853932356,1.0,-5.932768378700922,-4.913535132047079,0,-4.8795002058163846
AACGGGATTACATAGG,124.0,1.0,-6.8521369309686175,3.0,-4.740522518695501,variant,,,,,,LibB,AGC110ATG CCA381GTC,S110M P381V,2,2,1,0,1,0,1.0,-3.4643140446484204,4.0,-4.272618381585547,-3.8684662131169834,0,-4.832397968974521
TTGGGCTAATATCAAT,15.0,2.0,-2.804831216190261,2.0,-6.6721355437152505,variant,,,,,,LibB,TGG64AGG GAC212TAC,W64R D212Y,2,2,2,1,1,2,3.0,-2.232988498541965,1.0,-7.619268905884141,-4.926128702213052,0,-4.832306041082904
TACGGTTACCGTGTAT,134.0,2.0,-5.964029811039515,7.0,-2.2226742138328817,variant,,,,,,LibB,GCA1017TCC AGG1036AGA,A1017S,2,1,1,0,1,1,0.5,-8.158575187860388,4.0,-2.977162498059376,-5.567868842959882,0,-4.83061042769804
ACGACTTAGATTAAAG,101.0,5.0,-4.234224008446175,3.0,-5.168856840587803,variant,,,,,,LibB,TGT15GGC,C15G,1,1,1,0,0,0,3.0,-5.177032092567949,4.0,-4.700952703477848,-4.938992398022899,0,-4.820266411269944
ATCCGCACTAGCGTAG,112.0,6.0,-4.12033304191819,4.0,-4.996862271955286,variant,,,,,,LibB,ATC206AAC GAT284AAC ACC1024CTC,I206N D284N T1024L,3,3,2,1,2,1,6.0,-4.093130834959004,2.0,-5.943995634124176,-5.01856323454159,0,-4.788580445739164
CTTGTTCAGGTCCAAG,96.0,1.0,-6.482903121302899,3.0,-2.7929899385896366,variant,,,,,,LibB,AAG1178AGG,K1178R,1,1,1,0,0,1,0.5,-7.075748756730768,3.0,-2.7401233007585266,-4.907936028744647,0,-4.772941279345457
CCAACCTTTCCGGACT,151.0,2.0,-6.136345359906821,3.0,-5.0871730429940945,variant,,,,,,LibB,ACC29TTC GTG67CCC ACC74GCC AAG177AAC,T29F V67P T74A K177N,4,4,3,2,3,2,1.0,-3.5423165566496935,5.0,-4.297340810996778,-3.919828683823236,0,-4.765793942636846
GACCCCAGGCCAAACG,39.0,0.5,-6.18334283944399,5.0,-3.5705975172531885,variant,,,,,,LibB,CAC141AAC TTC372TTG AAC474CTG,H141N F372L N474L,3,3,1,2,2,1,3.0,-4.464314044648421,2.0,-4.83965897430944,-4.651986509478931,0,-4.76447834391376
CTCGATCGTCGCGTAC,37.0,4.0,-3.1073939862106923,2.0,-5.360674447878957,variant,,,,,,LibB,GAT402GCG,D402A,1,1,1,0,0,0,2.0,-5.678093335680161,3.0,-4.722845309326691,-5.200469322503426,0,-4.717251769774125
TCCATAAATAAGAATC,119.0,4.0,-4.7927583838896854,3.0,-4.648600029254461,variant,,,,,,LibB,CCT26ACC ACC29GCG GTG857ATC,P26T T29A V857I,3,3,3,2,2,2,2.0,-4.753820661843405,4.0,-4.180695892144508,-4.467258276993956,0,-4.593968741783016
ATCGGCACACAATAGT,21.0,0.5,-5.290258043360502,5.0,-4.729796112102442,variant,,,,,,LibB,CTG238CTA AGC356AGG CAG932AAG,S356R Q932K,3,2,2,0,0,1,2.0,-2.879351543927264,3.0,-5.413895068437538,-4.146623306182401,0,-4.578325191956937
TAACTACTTGCCGGTT,10.0,2.0,-2.2198687154691044,2.0,-5.428578512380761,variant,,,,,,LibB,GCT285ACT CTG549CCG TCC936GGC,A285T L549P S936G,3,3,2,1,1,0,1.0,-5.177032092567949,2.0,-5.37571187454965,-5.2763719835588,0,-4.550297798741866
GTTGTATATCGAATGG,55.0,2.0,-4.679300334106402,1.0,-5.233562529975618,variant,,,,,,LibB,GAC336GCC AGC637CGC AAC707AAG TCC1249GTC,D336A S637R N707K S1249V,4,4,2,0,3,0,2.0,-3.909098887321316,2.0,-4.180695892144508,-4.0448973897329115,0,-4.5006644108869605
GTCTACCAGATAACAT,65.0,0.5,-6.920308433610197,8.0,-1.6294912063067568,variant,,,,,,LibB,ACC19ACG CTG764CGG,L764R,2,1,0,0,0,0,1.0,-4.753820661843405,1.0,-4.576624568475647,-4.665222615159526,0,-4.470061217559001
GTGGGAATGATTCTTA,175.0,3.0,-5.764189231692915,1.0,-4.892525612140551,variant,,,,,,LibB,AGG76AGC ACA203AAA AGA451AGG,R76S T203K,3,2,2,0,0,1,2.0,-3.3818518844564474,2.0,-3.8396589743094407,-3.610755429382944,0,-4.469556425649839
CCGCGAAACGGAACCA,15.0,5.0,-1.4829031213028985,1.0,-6.55549062486298,variant,,,,,,LibB,CAT66ATG GTG653GTA GGC766GTG GCT768GCC CAG989CAA GAT1124AAT GCT1187ACT GCT1219ACT,H66M G766V D1124N A1187T A1219T,8,5,5,1,1,2,0.5,-6.44413616271079,9.0,-3.3326989855895577,-4.888417574150174,0,-4.453807223616557
AAGTACAGCTACCAGA,75.0,3.0,-4.541796810356467,4.0,-4.008002829560487,variant,,,,,,LibB,TGG64--- GAC140CAG AGC637CTC ATT785CTG CTC1197ATC,W64- D140Q S637L I785L L1197I,5,5,3,1,2,2,2.0,-4.848977894883745,3.0,-4.370173691008221,-4.609575792945983,0,-4.44223780645223
GCGTCACGCCTTCGGC,67.0,2.0,-4.964029811039515,2.0,-4.030029135890485,variant,,,,,,LibB,ACA856GTG,T856V,1,1,1,1,1,0,2.0,-5.101743965263712,3.0,-3.3921999973382198,-4.246971981300966,0,-4.372000727382983
CCGTTAAGGCGCCAAT,35.0,2.0,-4.027223637526709,1.0,-4.155560017974345,variant,,,,,,LibB,ATT103TTC TTT187TAC AAC414GCC,I103F F187Y N414A,3,3,2,0,1,0,2.0,-4.15237003833368,0.5,-5.102693380143235,-4.627531709238458,0,-4.3594617684944925
TGAAGCATCTATATAC,14.0,3.0,-2.12033304191819,1.0,-5.195088382160982,variant,,,,,,LibB,TTC715TTT AAG808ACC,K808T,2,1,1,0,0,0,5.0,-4.381851884456447,1.0,-5.142221744329873,-4.762036814393159,0,-4.209873763216373
TTAATAAGGTGTAATT,91.0,2.0,-5.405735260780438,1.0,-3.7929899385896366,variant,,,,,,LibB,GTG1057GTA GTG1119CTG GTG1125ATC,V1119L V1125I,3,2,2,0,0,2,1.0,-6.164753762789513,5.0,-1.4181952058711642,-3.7914744843303385,0,-4.195418542007688
CTGCCGTCCCTGCACC,18.0,4.0,-2.0678656220240548,5.0,-5.263619763831798,WT,,,,,,LibB,AGG270AGA,0,1,0,0,0,0,0,6.0,-4.031354637372314,5.0,-5.210753126000688,-4.621053881686501,0,-4.143398287307214
AGGACCGGACCATGTA,94.0,4.0,-4.452529472259379,3.0,-2.7929899385896366,variant,,,,,,LibB,CTG5CGG TTC32AGC ACC824GCC TCC936CTC,L5R F32S T824A S936L,4,4,3,1,2,2,2.0,-4.634239046090733,1.0,-4.325085801479682,-4.479662423785207,0,-4.051211064604858
GCTTTTGATACCGTGC,10.0,3.0,-1.6349062147479483,2.0,-5.395025952669734,variant,,,,,,LibB,GGC73CGG AAT391AGC GCT1187ACC,G73R N391S A1187T,3,3,3,1,1,2,1.0,-2.9948287613472,2.0,-5.342159314838624,-4.168494038092912,0,-3.8417300609008764
TACGAGAACTAGGTAT,10.0,2.0,-2.2198687154691044,3.0,-3.5705975172531885,variant,,,,,,LibB,CCT26CTC TTC372GTC GCT842GTC,P26L F372V A842V,3,3,2,3,3,2,2.0,-4.484213602086125,3.0,-3.5177308794220785,-4.000972240754102,0,-3.4481026785576243
CCTCATAACCAATCAG,76.0,3.0,-4.560905633304172,4.0,-2.3075631114193946,variant,,,,,,LibB,GAC140CTG GTG1173TTC GTG1225CTG,D140L V1173F V1225L,3,3,2,1,3,2,3.0,-3.7968893837352913,6.0,-1.6697339728671285,-2.73331167830121,0,-3.0837730253314963
