barcode,4U8C_B1T1_count,DMSO_B1T1-vs-4U8C_B1T1_func_score,DMSO_B2T2_count,4U8C_B2T2_count,DMSO_B2T2-vs-4U8C_B2T2_func_score,DMSO_B1T2_count,C7_B1T2_count,DMSO_B1T2-vs-C7_B1T2_func_score,C7_B2T1_count,DMSO_B2T1-vs-C7_B2T1_func_score,style,library,codon_substitutions,aa_substitutions,n_codon_substitutions,n_aa_substitutions,n_observed,n_paired,n_positive,n_recurrent,BOTH_B1T1_count,DMSO_B1T1-vs-BOTH_B1T1_func_score,BOTH_B2T1_count,DMSO_B2T1-vs-BOTH_B2T1_func_score,func_score_avg,n_selections,average_func_score
TCACCACTCTCGTGAA,0.5,-8.174436063534506,55.0,0.5,-6.56789839641293,,,,,,,LibB,TTC152CTC TGG255TGC CTG1231CTA,F152L W255C,3,2,2,0,1,2,0.5,-7.61631713809347,0.5,-8.660688833264121,-8.138502985678796,0,-7.754835107826257
AAAGAACCACCACTGG,1.0,-7.3363237459114,103.0,0.5,-7.473039210071489,,,,,,,LibB,CCT80CAC CCA1087AGC,P80H P1087S,2,2,2,0,0,2,1.0,-6.778204820470364,0.5,-8.40037392878392,-7.589289374627142,0,-7.496985426309294
CTGCTGTGCTAAGCAT,0.5,-7.918597159104916,109.0,1.0,-6.5547230076651966,,,,,,,LibB,TCT69CTG GAC212GCC GAG987AAG AGG1088ATG,S69L D212A E987K R1088M,4,4,3,1,1,1,0.5,-7.360478233663881,0.5,-7.803133098284327,-7.5818056659741035,0,-7.40923287467958
TTAACTTCGGTCGACT,0.5,-7.174436063534506,86.0,0.5,-7.2128034375903685,,,,,,,LibB,GAC140GGC TAC199CAC,D140G Y199H,2,2,1,1,1,2,0.5,-6.61631713809347,0.5,-8.272618381585547,-7.444467759839508,0,-7.319043755200973
AATAAATGGGAGGATG,0.5,-8.607395470810612,69.0,1.0,-5.89506313966644,,,,,,,LibB,GCT567GGC,A567G,1,1,1,1,1,0,1.0,-7.049276545369577,0.5,-7.082515498205605,-7.065896021787591,0,-7.158562663513059
TCAGAACTTTCTAGCT,1.0,-7.852507968647144,78.0,1.0,-6.071940901750518,,,,,,,LibB,ACC29ATC AGG1016AAG,T29I R1016K,2,2,2,1,1,1,1.0,-7.294389043206108,0.5,-7.37571187454965,-7.335050458877879,0,-7.148637447038356
CCAATAAGCTCATAGT,0.5,-7.156288716824247,195.0,0.5,-8.393868996637881,,,,,,,LibB,GAC140CAC CAG781CTG CCA806CAG ATG1047CTG,D140H Q781L P806Q M1047L,4,4,4,1,1,1,0.5,-6.598169791383211,1.0,-6.35903313340302,-6.478601462393115,0,-7.126840159562089
TTAAACTGTGCATCTT,0.5,-6.735151018008985,284.0,0.5,-8.936285802392952,,,,,,,LibB,AAG983CAG,K983Q,1,1,1,0,0,0,1.0,-5.177032092567949,0.5,-7.424621475030597,-6.300826783799273,0,-7.068272597000121
ACCACTTTGAACGTCA,1.0,-7.002255088151826,68.0,0.5,-6.87400152413861,,,,,,,LibB,CCT80CCC GAA164GAC AAG853AAC GAG1192GGC,E164D K853N E1192G,4,3,2,1,1,2,1.0,-6.44413616271079,0.5,-7.790749373828494,-7.117442768269642,0,-7.02778553720743
TTATATGACTGCAACA,0.5,-6.759398564255662,189.0,0.5,-8.348781107109343,,,,,,,LibB,GAC136CAC GAA164CAA ACC713TTC CAG932AGC,D136H E164Q T713F Q932S,4,4,3,1,2,1,1.0,-5.2012796388146265,0.5,-7.75294734111611,-6.477113489965369,0,-7.015601662823935
CTAACTGACCAGAATT,0.5,-8.183424846761762,102.0,1.0,-6.458964024859766,,,,,,,LibB,GAG209CAC AAG761ATG,E209H K761M,2,2,0,1,2,0,0.5,-7.625305921320725,1.0,-5.790749373828494,-6.7080276475746095,0,-7.014611041692686
ATATTTTCACAGGGGT,0.5,-7.422363576978092,109.0,0.5,-7.5547230076651966,,,,,,,LibB,GGC1041GAC,G1041D,1,1,0,0,0,0,1.0,-5.864244651537056,0.5,-6.886964689087797,-6.375604670312427,0,-6.932073981317036
GTATGAACAACTAGTT,1.0,-7.4374704693683,92.0,0.5,-7.310100638945283,,,,,,,LibB,CAG577CGG,Q577R,1,1,1,0,0,0,1.0,-6.879351543927264,1.0,-6.041292835479092,-6.460322189703177,0,-6.917053871929984
ATTAATATTGACATTT,0.5,-8.12863237392138,59.0,0.5,-6.669181732250111,,,,,,,LibB,TCT150TCC CCA806CTG ATT928TTT AGC979GCC ACC1024GGG,P806L I928F S979A T1024G,5,4,3,1,2,2,2.0,-5.570513448480345,0.5,-7.142221744329873,-6.356367596405109,0,-6.877637324745428
GCACTGCGGCGGATGA,0.5,-7.971449041370652,179.0,1.0,-7.270354460152527,,,,,,,LibB,AAC950AGC GAC1150GAG,N950S D1150E,2,2,2,0,0,0,1.0,-6.413330115929615,3.0,-5.765658392865665,-6.08949425439764,0,-6.855198002579614
AGTTCGAGCCACTCCA,1.0,-6.78324530621003,68.0,0.5,-6.87400152413861,,,,,,,LibB,TTC152CAG GAT193TAC CCC210TTG,F152Q D193Y P210L,3,3,1,1,2,1,1.0,-6.2251263807689945,1.0,-7.448468216984964,-6.836797298876979,0,-6.8327103570256496
AGTCAGCCTTGAAAAA,1.0,-7.1286323739213815,79.0,1.0,-6.090319431065374,,,,,,,LibB,ACC122GCC AAC367AGC,T122A N367S,2,2,2,0,0,1,1.0,-6.570513448480345,0.5,-7.4563303347579355,-7.01342189161914,0,-6.811448897056259
AGACAACCAACCATCC,0.5,-7.863735224070398,55.0,1.0,-5.56789839641293,,,,,,,LibB,GAC109GAT CTG557CTA,0,2,0,0,0,0,0,0.5,-7.305616298629362,1.0,-6.471927189808953,-6.888771744219158,0,-6.802294277230411
ATTTGGGTTGCGGATG,0.5,-8.69799801959152,311.0,2.0,-7.067309453018873,,,,,,,LibB,TCT218AGG CAC678TTC,S218R H678F,2,2,1,1,1,0,2.0,-6.1398790941504835,3.0,-5.302002188366641,-5.720940641258562,0,-6.8017971887818796
TAACTGTCACATAAAT,0.5,-7.311939587284441,230.0,0.5,-8.632028733832646,,,,,,,LibB,GTG188TTG GAG658GAC GAG745GAC,V188L E658D E745D,3,3,3,0,0,2,2.0,-4.753820661843405,2.0,-6.2273891275925495,-5.490604894717977,0,-6.73129452763826
GTAAGCCTGGGTACTA,0.5,-7.929323565697975,68.0,3.0,-4.289039023417454,,,,,,,LibB,GAG985AAG,E985K,1,1,1,0,0,0,0.5,-7.371204640256939,0.5,-7.307807810047847,-7.339506225152393,0,-6.724343759855054
GTACAAAAGTCAACCT,1.0,-7.081326659143024,138.0,0.5,-7.89506313966644,,,,,,,LibB,GCC27TCC GTG67AAC CCA327ACA,A27S V67N P327T,3,3,2,0,1,1,0.5,-7.523207733701989,3.0,-4.39219999733822,-5.957703865520104,0,-6.722949382462418
CAGTTAAATCACTCAC,0.5,-7.328241399613542,92.0,1.0,-6.310100638945283,,,,,,,LibB,CTG18AAC AAG966AGC,L18N K966S,2,2,1,1,2,1,1.0,-5.7701224741725055,0.5,-7.440563018899619,-6.605342746536062,0,-6.712256882907738
TGAAAGCCACCTACAA,1.0,-6.36030260884584,68.0,0.5,-6.87400152413861,,,,,,,LibB,GGC766TTG AAG966CGC,G766L K966R,2,2,1,1,2,0,1.0,-5.802183683404804,0.5,-7.790749373828494,-6.79646652861665,0,-6.706809297554437
GAGCGGGCCAAAATTT,0.5,-6.961032425425313,70.0,0.5,-6.915821699833237,,,,,,,LibB,AAC447AAG GCA650CAC GAG865CAG,N447K A650H E865Q,3,3,2,1,1,1,0.5,-6.402913499984277,1.0,-6.53268122088805,-6.467797360436164,0,-6.703112211532719
AAATGCTAGAGAAGGC,0.5,-7.192357971531768,45.0,0.5,-6.2783917792179444,,,,,,,LibB,TCC936CGC,S936R,1,1,0,1,1,0,1.0,-5.634239046090733,0.5,-7.700952703477848,-6.667595874784291,0,-6.7014853750795735
TGCAGCACTCCAAAAT,0.5,-7.36030260884584,47.0,1.0,-5.341127534565907,,,,,,,LibB,GGC766GAG AGG844AAC GAC1165GCC,G766E R844N D1165A,3,3,3,1,1,1,0.5,-6.802183683404804,0.5,-7.290320383319006,-7.046252033361905,0,-6.69848355253389
CACGACACATTTGGTT,0.5,-7.874875781675598,51.0,2.0,-4.458964024859766,,,,,,,LibB,ACC29ATC GGC216TGC,T29I G216C,2,2,2,1,1,2,0.5,-7.316756856234562,1.0,-7.082515498205605,-7.199636177220084,0,-6.683278040243883
TAAACCACGAATTGAT,2.0,-5.261898904784846,196.0,2.0,-6.401248527003478,,,,,,,LibB,AAG808AAA,0,1,0,0,0,0,0,0.5,-6.7037799793438095,0.5,-8.316472671174974,-7.510126325259392,0,-6.670850020576777
TGTAACTTCAGAAGCC,2.0,-7.503559659826072,85.0,2.0,-5.195929619025972,,,,,,,LibB,ACC1102ACT,0,1,0,0,0,0,0,3.0,-6.360478233663881,0.5,-7.605193720672418,-6.982835977168149,0,-6.666290308297086
TGCGTAGAAAGGTAGC,0.5,-6.552947686788236,67.0,1.0,-5.852627873346043,,,,,,,LibB,AAG75AGG GAC933ATG ACC1003ATC,K75R D933M T1003I,3,3,2,1,1,2,0.5,-5.9948287613472,0.5,-8.208892783975159,-7.10186077266118,0,-6.652324276364159
ATACACTGAATAGCCT,0.5,-7.929323565697975,14.0,1.0,-3.5938936049458743,,,,,,,LibB,CTG458CCG ACC1024TTG CCT1140CAC GGC1168GTG,L458P T1024L P1140H G1168V,4,4,3,0,1,1,0.5,-7.371204640256939,0.5,-7.660688833264121,-7.5159467367605295,0,-6.638777661041227
AAAGGTCGAATCCGTA,0.5,-6.759398564255662,76.0,1.0,-6.034466196331856,,,,,,,LibB,AAT85GAC CCT248--- GCC345ACC CTG514TTC GCT567CTG,N85D P248- A345T L514F A567L,5,5,5,1,1,2,0.5,-6.2012796388146265,0.5,-7.5177308794220785,-6.859505259118352,0,-6.628218819706055
TTCACGTAAATACATT,1.0,-6.78324530621003,63.0,1.0,-5.763818606388187,,,,,,,LibB,AAG375AAC,K375N,1,1,1,0,0,1,2.0,-5.2251263807689945,0.5,-8.619268905884141,-6.922197643326568,0,-6.597864799812838
TACATGAGTTAAACCT,0.5,-7.939970809897483,35.0,2.0,-3.9158216998332365,,,,,,,LibB,AGG100AAG AAG1208AAA,R100K,2,1,1,0,0,1,0.5,-7.381851884456448,0.5,-7.142221744329873,-7.26203681439316,0,-6.59496653462926
TGCTCCTTTGCAACGT,0.5,-7.261898904784846,64.0,0.5,-6.78653868288827,,,,,,,LibB,GAG462GAT,E462D,1,1,1,0,0,1,1.0,-5.7037799793438095,1.0,-6.619268905884141,-6.161524442613976,0,-6.592871618225266
AATATATCTCTTTGAA,1.0,-6.36030260884584,54.0,1.0,-5.541426185051739,,,,,,,LibB,ACC106GCC GCC519ACC,T106A A519T,2,2,2,0,1,1,0.5,-6.802183683404804,0.5,-7.605193720672418,-7.203688702038611,0,-6.5772765494937
AATCTAGATAATAATA,1.0,-5.806704279034019,141.0,0.5,-7.926090035287063,,,,,,,LibB,CAG215GAG ACA247CCC ATC667ATG,Q215E T247P I667M,3,3,3,0,0,2,1.0,-5.248585353592984,1.0,-7.272618381585547,-6.260601867589266,0,-6.563499512374904
CTATGATAGATTCGTT,2.0,-4.98179098559211,105.0,0.5,-7.500784200554393,,,,,,,LibB,CTG171AAG,L171K,1,1,0,1,1,0,0.5,-6.423672060151074,0.5,-7.325085801479682,-6.874378930815379,0,-6.557833261944316
AAAAATCAGAAGAGGG,1.0,-6.863735224070398,59.0,1.0,-5.669181732250111,,,,,,,LibB,AGG21AGC ACA1114ACG,R21S,2,1,1,0,0,1,1.0,-6.305616298629362,0.5,-7.1995549193958235,-6.752585609012593,0,-6.509522043586424
TGCCTTCTCACGCTTA,0.5,-7.156288716824247,378.0,1.0,-8.348781107109343,,,,,,,LibB,TGT1247TAT,C1247Y,1,1,1,0,0,1,2.0,-4.598169791383211,5.0,-5.810512628649924,-5.204341210016567,0,-6.478438060991681
CAAATTCCGATACGTG,0.5,-7.759398564255662,23.0,1.0,-4.310100638945283,,,,,,,LibB,GAC250GTC,D250V,1,1,1,1,1,1,0.5,-7.2012796388146265,0.5,-6.605193720672418,-6.903236679743522,0,-6.468993140671997
TAGAAACTCAACAGGC,0.5,-6.496364158421868,123.0,0.5,-7.72905318822751,,,,,,,LibB,GTG67AAG GAG209TCG GAC250GGC GAG337AAG,V67K E209S D250G E337K,4,4,2,2,3,2,0.5,-5.938245232980833,0.5,-5.687655880864391,-5.812950556922612,0,-6.462829615123651
AAAAGTATGTATCACA,3.0,-5.407096820324781,222.0,4.0,-5.580954549238376,,,,,,,LibB,GTG3GCC AAG190AGG,V3A K190R,2,2,2,0,0,0,1.0,-6.4339403956049015,0.5,-8.40037392878392,-7.41715716219441,0,-6.455591423487995
AAACACTACTTGTATG,0.5,-7.261898904784846,100.0,0.5,-7.430394872662995,,,,,,,LibB,CAA1205GAG TAC1206CAC,Q1205E Y1206H,2,2,2,0,0,1,1.0,-5.7037799793438095,2.0,-5.424621475030597,-5.564200727187203,0,-6.455173807955562
CAAGATGTGGCTCTAA,1.0,-6.885930970184594,126.0,1.0,-6.763818606388187,,,,,,,LibB,GGA795GAA ACC1073CAC,G795E T1073H,2,2,1,0,0,0,1.0,-6.327812044743558,0.5,-5.83965897430944,-6.083735509526499,0,-6.454305148906445
GTTAAATAACAAAAAC,0.5,-8.467217812762351,255.0,2.0,-6.780892119747128,,,,,,,LibB,GAT424GCC,D424A,1,1,1,0,0,0,2.0,-5.909098887321316,3.0,-4.633208096842014,-5.271153492081665,0,-6.447604229168203
ACTCAGGTAGGGGATT,0.5,-6.98179098559211,79.0,0.5,-7.090319431065374,,,,,,,LibB,AGC167TTC CTG213CTT,S167F,2,1,1,0,0,1,0.5,-6.423672060151074,1.0,-5.254696473588285,-5.83918426686968,0,-6.437619737599211
TATATATATAAAAAGA,1.0,-5.759398564255662,54.0,0.5,-6.541426185051739,,,,,,,LibB,AAT277AGC,N277S,1,1,1,0,0,0,0.5,-6.2012796388146265,0.5,-7.2365491268780255,-6.718914382846326,0,-6.434663378750013
GATCAGTAAAAGATGC,1.0,-4.806704279034019,173.0,1.0,-7.221166910524995,,,,,,,LibB,CTG5AGG ATG148AGG CTG825TTG,L5R M148R,3,2,1,0,1,0,0.5,-5.248585353592984,0.5,-8.424621475030596,-6.83660341431179,0,-6.425269504545648
CGCTCCTCTATACCCA,0.5,-7.672686931062332,42.0,0.5,-6.17885610566703,,,,,,,LibB,GGC70GAG CAG178AGG AGC637AGT TCT1167CCC,G70E Q178R S1167P,4,3,3,0,0,2,0.5,-7.114568005621296,3.0,-4.6515866261568695,-5.883077315889082,0,-6.404424417126882
GTAACGGGTAAAATCA,0.5,-6.806704279034019,230.0,2.0,-6.632028733832645,,,,,,,LibB,GAC140TAC GAC1162GGC,D140Y D1162G,2,2,2,1,1,1,0.5,-6.248585353592984,2.0,-5.910048302200839,-6.079316827896911,0,-6.399341667165121
TTTGAGGGACTGTTAG,1.0,-5.896902088005597,85.0,0.5,-7.195929619025972,,,,,,,LibB,GCC890AGC,A890S,1,1,1,0,0,1,1.0,-5.338783162564561,0.5,-7.161587069196803,-6.250185115880682,0,-6.398300484698233
CCGCCATTGCCATCCG,1.0,-5.874875781675598,72.0,1.0,-5.956463684330583,,,,,,,LibB,CTG5CAC ACC675AAC GAC817AAC ATT906ATC,L5H T675N D817N,4,3,2,1,2,1,0.5,-6.316756856234562,1.0,-7.424621475030597,-6.87068916563258,0,-6.393179449317835
CCAACTAGTAGAATGT,1.0,-6.95054005160767,56.0,0.5,-6.593893604945874,,,,,,,LibB,GGC73GCG ATC206CAC GTG612ATC,G73A I206H V612I,3,3,2,2,2,2,2.0,-5.392421126166635,1.0,-6.633208096842014,-6.012814611504325,0,-6.3925157198905485
ACGGAGTATATCGGCC,0.5,-8.012379305425533,64.0,2.0,-4.78653868288827,,,,,,,LibB,CTG18GCC TCC670ACC,L18A S670T,2,2,1,1,1,1,0.5,-7.454260379984498,2.0,-5.290320383319006,-6.3722903816517515,0,-6.385874687904327
CAACAATTTAATAGAT,1.0,-6.002255088151826,70.0,0.5,-6.915821699833237,,,,,,,LibB,GCC1171ACC,A1171T,1,1,1,0,0,0,1.0,-5.44413616271079,0.5,-7.180695892144508,-6.312416027427648,0,-6.38572721071009
GTCTACTACTATTACA,2.0,-5.806704279034019,32.0,0.5,-5.78653868288827,,,,,,,LibB,CTG438ATC GGA479GAC,L438I G479D,2,2,2,0,0,2,0.5,-7.248585353592984,1.0,-6.674235365102069,-6.961410359347527,0,-6.379015920154336
AAAACGCCTATTTCAA,1.0,-7.5736071573543295,174.0,2.0,-6.2294821787369985,,,,,,,LibB,TTC152CAC GGA697GGG ACC758GCC GGC943AGG,F152H T758A G943R,4,3,2,0,1,2,1.0,-7.015488231913293,2.0,-4.687655880864391,-5.851572056388842,0,-6.376558362217253
AACCAAATACCTCCTA,1.0,-8.14712871753877,77.0,2.0,-5.053325223583172,,,,,,,LibB,CAG932CGG,Q932R,1,1,1,0,0,0,3.0,-6.004047291376579,1.0,-6.290320383319006,-6.147183837347793,0,-6.373705403954382
CCTTTCTGTATTTTAA,0.5,-7.95054005160767,66.0,1.0,-5.830932802246724,,,,,,,LibB,AGC60TTC CTG582ATG AAG811AAC TTC978TGC TGT1240TGG,S60F L582M K811N F978C C1240W,5,5,3,1,1,1,1.0,-6.392421126166635,2.0,-5.2365491268780255,-5.81448512652233,0,-6.352610776724763
CACGGACACTCTTGTC,0.5,-6.852507968647144,58.0,2.0,-4.644519678015842,,,,,,,LibB,GAC361AAC CCT859GCC GTG1225TCC,D361N P859A V1225S,3,3,2,0,1,0,0.5,-6.294389043206108,0.5,-7.576624568475647,-6.935506805840877,0,-6.342010314586186
AAAATCTGACCCCGAG,1.0,-6.210059973265228,50.0,0.5,-6.430394872662995,,,,,,,LibB,GTG684ATC,V684I,1,1,1,0,0,1,2.0,-4.651941047824192,0.5,-8.072319731099716,-6.362130389461954,0,-6.341178906213033
ACACGATATGAGGACC,1.0,-6.818292253309231,31.0,0.5,-5.7407349932751455,,,,,,,LibB,TCT253CCC GCC341GTC,S253P A341V,2,2,2,0,0,2,2.0,-5.260173327868195,0.5,-7.50262398703187,-6.381398657450033,0,-6.330456140371111
TACTTCGTAAAACACT,2.0,-6.183424846761761,170.0,2.0,-6.195929619025972,,,,,,,LibB,AGC96CAC GCT567ACG CTT626GTG GAG1185GAC,S96H A567T L626V E1185D,4,4,3,2,2,2,1.0,-6.625305921320725,3.0,-6.278543215542653,-6.451924568431689,0,-6.320800900662778
TGAAGGAAACAGCGCA,2.0,-5.467217812762352,44.0,0.5,-6.245970301525568,,,,,,,LibB,TTC152ATG ACC758ATC GGC766TTG CCT1159ACC,F152M T758I G766L P1159T,4,4,2,1,2,2,1.0,-5.909098887321316,0.5,-7.562124998780532,-6.735611943050924,0,-6.2961030000974425
ACAACAAGCAATGTGC,1.0,-6.042332527527161,46.0,0.5,-6.310100638945283,,,,,,,LibB,TTT1100AGC GAC1196AAC,F1100S D1196N,2,2,2,0,0,2,0.5,-6.484213602086125,1.0,-6.307807810047847,-6.396010706066987,0,-6.286113644651604
GAGGACCCTGACGCAT,0.5,-6.874875781675598,59.0,2.0,-4.669181732250111,,,,,,,LibB,CCA9CAG GGC754GAC GTG973GCC,P9Q G754D V973A,3,3,3,0,0,0,0.5,-6.316756856234562,0.5,-7.272618381585547,-6.7946876189100545,0,-6.283358187936454
ATGAAAATTGATGAAT,1.0,-7.0909127079722225,337.0,2.0,-7.183143464070128,,,,,,,LibB,CAT66TAC ACC74TCG GGC444AGC CTG942CTT,H66Y T74S G444S,4,3,3,1,1,1,2.0,-5.532793782531187,4.0,-5.299090592946738,-5.415942187738962,0,-6.276485136880068
AATGATACATATGCTC,2.0,-5.261898904784846,58.0,0.5,-6.644519678015842,,,,,,,LibB,CCC210GGC GTG224CTG,P210G V224L,2,2,1,1,1,1,1.0,-5.7037799793438095,0.5,-7.440563018899619,-6.572171499121714,0,-6.262690395261028
CTGCACCCGAAACCCA,0.5,-7.992059321045938,112.0,4.0,-4.593893604945874,,,,,,,LibB,GTC392GTA CAA1198CTG CTG1241CCC,Q1198L L1241P,3,2,2,0,0,1,0.5,-7.4339403956049015,6.0,-5.027285977485213,-6.230613186545057,0,-6.261794824770481
TATTCGTCATATTACG,1.0,-5.918597159104916,45.0,1.0,-5.2783917792179444,,,,,,,LibB,GAC78ACC,D78T,1,1,0,0,1,0,1.0,-5.360478233663881,0.5,-8.48735723037856,-6.92391773202122,0,-6.261206100591325
TATGTAGCTCACAGCC,0.5,-7.156288716824247,80.0,0.5,-7.108466777775632,,,,,,,LibB,CTC608TTC AGG812AAG,L608F R812K,2,2,2,0,0,2,1.0,-5.598169791383211,2.0,-5.0202312199512615,-5.309200505667237,0,-6.220789126483588
CAACTATCAACCCAAT,0.5,-7.261898904784846,152.0,1.0,-7.034466196331856,,,,,,,LibB,GGC229AGG GCA889GTA,G229R A889V,2,2,2,0,0,1,0.5,-6.7037799793438095,3.0,-3.871367834036779,-5.2875739066902945,0,-6.217878228624323
AACCGGTAATCCCACT,0.5,-7.119294509342045,51.0,1.0,-5.458964024859766,,,,,,,LibB,GTG823CTG GTG1173GCG,V823L V1173A,2,2,1,0,1,1,1.0,-5.56117558390101,1.0,-6.687655880864391,-6.1244157323827,0,-6.206772499741803
CGAGATCATCGACATG,0.5,-8.510719451398938,48.0,2.0,-4.371501183609427,,,,,,,LibB,ACC29AGC TAC448CAC,T29S Y448H,2,2,2,1,1,2,5.0,-4.630672431070541,1.0,-7.254696473588285,-5.942684452329413,0,-6.191897384916798
TTTATAAGGTTAAACG,0.5,-6.244825391425904,40.0,0.5,-6.108466777775632,,,,,,,LibB,ACC1024GGG,T1024G,1,1,0,0,1,0,0.5,-5.6867064659848685,1.0,-6.727184245051028,-6.206945355517949,0,-6.191795720059358
CCGTTAAACGTGAATT,0.5,-7.795022473986384,53.0,0.5,-6.514459137451469,,,,,,,LibB,GTG1225GAG AAA1242ATG,V1225E K1242M,2,2,2,0,1,0,4.0,-4.236903548545348,1.0,-6.21817059756317,-5.227537073054259,0,-6.191138939386593
AACGCCCATGATTCAT,0.5,-7.061961334276094,29.0,0.5,-5.644519678015842,,,,,,,LibB,GGC473AGC,G473S,1,1,1,0,0,1,3.0,-3.9188799081139014,0.5,-8.102693380143235,-6.010786644128568,0,-6.182013575137269
GAACGTGATAACAATG,0.5,-7.061961334276094,127.0,1.0,-6.775223369660436,,,,,,,LibB,GAG209CGG,E209R,1,1,0,1,1,0,1.0,-5.503842408835058,2.0,-5.35903313340302,-5.43143777111904,0,-6.175015061543652
GGAGGGCGAAGTGTGA,2.0,-7.2275473999940685,82.0,1.0,-6.144090687506354,,,,,,,LibB,GTG67ACG,V67T,1,1,1,0,1,1,5.0,-5.347500379665671,4.0,-5.966191380238373,-5.656845879952021,0,-6.171332461851117
TGACCAACATGAAATG,0.5,-6.806704279034019,130.0,2.0,-5.808906495916725,,,,,,,LibB,TAC199TGC GGC1216TGG,Y199C G1216W,2,2,0,0,1,0,0.5,-6.248585353592984,1.0,-5.815411428062763,-6.031998390827873,0,-6.169901889151623
GAATGATAGACCTTCT,0.5,-6.852507968647144,41.0,1.0,-5.144090687506354,,,,,,,LibB,GCC91ACC GCC780AGC,A91T A780S,2,2,2,0,0,1,0.5,-6.294389043206108,1.0,-6.37571187454965,-6.335050458877879,0,-6.166674893477314
TTAGTTTAGGGCTACC,1.0,-5.961032425425313,59.0,0.5,-6.669181732250111,,,,,,,LibB,AGC96CGG ACC373AGC CCT1140CTG,S96R T373S P1140L,3,3,3,1,1,2,0.5,-6.402913499984277,2.0,-5.590979861452717,-5.996946680718497,0,-6.156026879778104
TTTCCACAGACTTGCT,2.0,-5.2275473999940685,258.0,2.0,-6.7977659383115245,,,,,,,LibB,GTG1065AGC,V1065S,1,1,0,0,1,0,2.0,-4.669428474553033,0.5,-7.851631615975517,-6.260530045264275,0,-6.136593357208536
AGTTTGGGATCTTACG,0.5,-8.14712871753877,18.0,0.5,-4.956463684330583,,,,,,,LibB,AGG76AGT GCT360GTG,R76S A360V,2,2,2,0,0,1,2.0,-5.589009792097735,0.5,-5.83965897430944,-5.714334383203587,0,-6.133065292069132
ATAACCGTTCTTATAT,4.0,-4.885930970184594,97.0,1.0,-6.386451525075398,,,,,,,LibB,GCC1067AGC,A1067S,1,1,1,0,0,1,1.0,-6.327812044743558,1.0,-6.910048302200839,-6.618930173472199,0,-6.127560710551097
GCGGATCGTGTATGAA,1.0,-7.012379305425533,51.0,1.0,-5.458964024859766,,,,,,,LibB,CTG5ACC ACC22CCC ATC98CAC AAC1132AAG,L5T T22P I98H N1132K,4,4,3,0,1,0,0.5,-7.454260379984498,3.0,-4.5572592436087165,-6.005759811796607,0,-6.120715738469628
TGATTGGCTCTGCAGA,1.0,-5.685397982811885,48.0,0.5,-6.371501183609427,,,,,,,LibB,ACC1024ATG,T1024M,1,1,0,0,1,0,0.5,-6.12727905737085,4.0,-6.231976397088201,-6.1796277272295255,0,-6.104038655220091
GTGCTGTCATGGCGTC,1.0,-5.874875781675598,60.0,0.5,-6.693429278496789,,,,,,,LibB,ACC162ATC CCA169TCA,T162I P169S,2,2,2,0,0,1,0.5,-6.316756856234562,3.0,-5.527714967994701,-5.9222359121146315,0,-6.103194221100413
ATAGTGTTTTACGCTA,2.0,-4.939970809897483,58.0,0.5,-6.644519678015842,,,,,,,LibB,GCC27GGC GCC519CCC ACA856AAC,A27G A519P T856N,3,3,3,1,2,2,1.0,-5.381851884456448,1.0,-7.424621475030597,-6.4032366797435225,0,-6.097740961850093
GCCACTAAATTCAGAA,0.5,-6.874875781675598,47.0,2.0,-4.341127534565907,,,,,,,LibB,GAC78TTC ATT192ACC TCT346CCC,D78F I192T S346P,3,3,3,0,1,2,0.5,-6.316756856234562,0.5,-6.83965897430944,-6.578207915272001,0,-6.093104786696377
AAGAACCAGTAAACTT,2.0,-5.735151018008985,389.0,7.0,-5.582810105816859,,,,,,,LibB,AAC97AGC AAA201ATG,N97S K201M,2,2,2,0,0,1,3.0,-4.592069591846793,1.0,-8.440563018899619,-6.516316305373206,0,-6.087648433643064
GGGCTCAAATTGATGT,1.0,-7.165390923931499,17.0,0.5,-4.87400152413861,,,,,,,LibB,CCC370GGC AAC457AGC,P370G N457S,2,2,1,1,1,1,2.0,-5.6072719984904635,1.0,-6.660688833264121,-6.133980415877293,0,-6.076838319956173
GCGTAATCTAACGGCC,2.0,-4.852507968647144,47.0,0.5,-6.341127534565907,,,,,,,LibB,TGT15AGC GCT567ACC GAT827AAT AAG1070GAG CCT1076ACC,C15S A567T D827N K1070E P1076T,5,5,5,1,1,3,0.5,-6.294389043206108,0.5,-6.790749373828494,-6.5425692085173015,0,-6.069693480061914
CACACTACTGAATTAT,2.0,-5.929323565697975,140.0,3.0,-5.330859199112081,,,,,,,LibB,GCT842GTT,A842V,1,1,1,1,1,1,2.0,-5.371204640256939,1.0,-7.598104295886099,-6.484654468071518,0,-6.0573729252382735
CCCGAGCAAGAACTGC,3.0,-5.322827903427178,67.0,1.0,-5.852627873346043,,,,,,,LibB,TAC652TGC,Y652C,1,1,0,1,1,0,1.0,-6.349671478707298,1.0,-6.700952703477848,-6.525312091092573,0,-6.056519989739591
CAAGAGTAAAAAACCA,3.0,-4.376069924704157,70.0,1.0,-5.915821699833237,,,,,,,LibB,CTG368CCC CTC515GTG GTG1225ACG,L368P L515V V1225T,3,3,2,1,2,1,0.5,-6.402913499984277,0.5,-7.5177308794220785,-6.960322189703177,0,-6.053134000985938
TTAAATCCCCTTAGGA,1.0,-5.710488963774716,25.0,1.0,-4.430394872662995,,,,,,,LibB,ACC106GCC GAG209GTG AGC380AGT TTG579TTC TCC936TGC,T106A E209V L579F S936C,5,4,2,2,2,1,1.0,-5.15237003833368,0.5,-8.875282884040162,-7.013826461186921,0,-6.042134189702889
GTCACCCGCTATTGCC,2.0,-6.459838282396754,125.0,1.0,-6.7523229675503575,,,,,,,LibB,GAG699AAG,E699K,1,1,1,0,0,1,2.0,-5.901719356955718,1.0,-5.0202312199512615,-5.46097528845349,0,-6.033527956713524
CCATTGACTGCCACAA,2.0,-6.672686931062332,65.0,0.5,-6.808906495916725,,,,,,,LibB,AAA1202AGG,K1202R,1,1,1,0,0,1,3.0,-5.52960550490014,5.0,-5.094656061077816,-5.312130782988978,0,-6.026463748239253
TATACGACATCCGACC,1.0,-7.270360483533041,116.0,1.0,-6.644519678015842,,,,,,,LibB,GAG865GGG GTG1037TTC GAC1115TAC,E865G V1037F D1115Y,3,3,3,1,1,2,2.0,-5.712241558092006,5.0,-4.468821278941133,-5.090531418516569,0,-6.023985749645505
GGTGATATGTATCATG,0.5,-6.311939587284441,28.0,1.0,-4.593893604945874,,,,,,,LibB,CTG226TTC,L226F,1,1,1,0,0,1,0.5,-5.753820661843405,1.0,-7.432614265784128,-6.593217463813767,0,-6.023067029964462
GAATAAGTGGAGCCTG,0.5,-7.2275473999940685,124.0,1.0,-6.7407349932751455,,,,,,,LibB,GTG1186ATG,V1186M,1,1,0,0,0,0,1.0,-5.669428474553033,3.0,-4.4352687192301055,-5.052348596891569,0,-6.018244896763088
CCTATAGAGTAATGAA,1.0,-5.659862890704748,75.0,2.0,-5.015357373384151,,,,,,,LibB,ATC93TAC ACC162ATC CAG784AAG,I93Y T162I Q784K,3,3,2,1,1,1,0.5,-6.101743965263712,0.5,-7.290320383319006,-6.696032174291359,0,-6.016821153167904
TGACTTGACCCGTGAG,2.0,-6.918597159104916,55.0,3.0,-3.9829358956917735,,,,,,,LibB,GAG211AGC AAC231AAG,E211S N231K,2,2,1,1,1,1,2.0,-6.360478233663881,1.0,-6.803133098284327,-6.5818056659741035,0,-6.016286096686224
TCCATCTAATCTTAAC,1.0,-4.896902088005597,62.0,0.5,-6.7407349932751455,,,,,,,LibB,GAT86TAC ATC93AAC GAG865CAG TTC978GGC AGC979GCG,D86Y I93N E865Q F978G S979A,5,5,4,3,3,2,0.5,-5.338783162564561,0.5,-7.062051395645889,-6.200417279105225,0,-6.009617909872798
TTAATGCATGTTTGCA,0.5,-5.659862890704748,97.0,1.0,-6.386451525075398,,,,,,,LibB,AGA495ACG GGC1096GTC CCT1159CCC,R495T G1096V,3,2,1,1,1,1,0.5,-5.101743965263712,0.5,-6.863505716263809,-5.98262484076376,0,-6.0028910243269165
CCATTAAGCCTAACTG,3.0,-5.505950207251066,15.0,1.0,-3.693429278496789,,,,,,,LibB,TGA1250CGA,*1250R,1,1,0,0,0,0,1.0,-6.532793782531187,0.5,-8.26368525681554,-7.398239519673364,0,-5.998964631273646
TATCCATAAAACCCAT,0.5,-6.759398564255662,54.0,1.0,-5.541426185051739,,,,,,,LibB,ACC22CTG CTG213TTC AAG832ATC,T22L L213F K832I,3,3,3,0,0,1,0.5,-6.2012796388146265,1.0,-5.48735723037856,-5.844318434596593,0,-5.997365404625147
AAATGCAATCTTCTCC,4.0,-5.600700818236604,38.0,1.0,-5.034466196331856,,,,,,,LibB,GCT567GCC,0,1,0,0,0,0,0,1.0,-7.042581892795568,1.0,-6.254696473588285,-6.648639183191927,0,-5.983111345238078
TCGTTTAAGCAGATGC,0.5,-7.061961334276094,43.0,1.0,-5.2128034375903685,,,,,,,LibB,GCA1017AGC ACC1024TGG GAC1115GCC CTC1197ATC,A1017S T1024W D1115A L1197I,4,4,3,1,3,2,2.0,-4.503842408835058,1.0,-7.112677468715857,-5.808259938775457,0,-5.972821162354345
AGCTTAACGTGGATAA,0.5,-6.496364158421868,192.0,4.0,-5.371501183609427,,,,,,,LibB,ACC22ACT ATT1222ATG,I1222M,2,1,1,0,0,0,0.5,-5.938245232980833,2.0,-6.062051395645889,-6.0001483143133605,0,-5.967040492664504
ATGCATCACATGTAAA,1.0,-7.165390923931499,69.0,2.0,-4.89506313966644,,,,,,,LibB,GCC158--- AGG243AGA ACA283AAC TCC588CAC AAG792AAC,A158- T283N S588H K792N,5,4,4,0,0,1,1.0,-6.6072719984904635,2.0,-5.161587069196803,-5.884429533843633,0,-5.957328282821301
CAGCAGCTATTAGAAA,1.0,-6.278772723349242,46.0,0.5,-6.310100638945283,,,,,,,LibB,AAG437CAG AGA495TCG GCT842TGC TCT926ACC GGC1096GGT,K437Q R495S A842C S926T,5,4,2,3,3,1,1.0,-5.720653797908206,2.0,-5.5177308794220785,-5.619192338665142,0,-5.956814509906202
ACGCTAACAAAACAAG,1.0,-5.710488963774716,31.0,1.0,-4.7407349932751455,,,,,,,LibB,GCC1067ACC,A1067T,1,1,1,0,0,1,0.5,-6.15237003833368,0.5,-7.180695892144508,-6.666532965239094,0,-5.946072471882012
GAAGATCCAATTGAAT,0.5,-7.261898904784846,69.0,1.0,-5.89506313966644,,,,,,,LibB,CTG368TTG CAC1098TAC,H1098Y,2,1,1,0,0,1,0.5,-6.7037799793438095,2.0,-3.8869646890877974,-5.295372334215804,0,-5.936926678220723
ACAAAAGATACATTGG,1.0,-5.759398564255662,84.0,1.0,-6.17885610566703,,,,,,,LibB,ATA1229ACC,I1229T,1,1,1,0,0,1,2.0,-4.2012796388146265,0.5,-7.576624568475647,-5.888952103645137,0,-5.929039719303241
AATAGTAAACGCTGTT,1.0,-5.633867682171804,36.0,1.0,-4.956463684330583,,,,,,,LibB,GAG209TAC AGC466GGC GCA1017AAG AAG1188CAC ATC1213AGC,E209Y S466G A1017K K1188H I1213S,5,5,2,1,3,0,1.0,-5.075748756730768,0.5,-8.020231219951262,-6.547989988341015,0,-5.9215778357961035
CTATAGCACGTCACCA,1.0,-5.98179098559211,139.0,4.0,-4.905479755611777,,,,,,,LibB,TTC372TCC AGA1182TGC,F372S R1182C,2,2,1,1,1,2,0.5,-6.423672060151074,2.0,-6.367396606337647,-6.395534333244361,0,-5.919584851923152
TGCAGAAGTTGTGGTA,0.5,-7.081326659143024,54.0,0.5,-6.541426185051739,,,,,,,LibB,GAG915CAG,E915Q,1,1,1,0,0,0,2.0,-4.523207733701989,3.0,-5.48735723037856,-5.005282482040275,0,-5.908329452068828
CTACTAAAAAGGTCCC,3.0,-5.1864087052005825,23.0,0.5,-5.310100638945283,,,,,,,LibB,ATC93CAC ACA283ACG GGC766GCG,I93H G766A,3,2,2,2,2,1,0.5,-7.213252280480702,1.0,-5.910048302200839,-6.56165029134077,0,-5.904952481706851
TCTCGCTTCCTTGCCT,0.5,-6.311939587284441,84.0,0.5,-7.17885610566703,,,,,,,LibB,TAT753GCC GGC754GTC GGC766TTG AAG851AGG,Y753A G754V G766L K851R,4,4,2,1,1,0,1.0,-4.753820661843405,2.0,-5.325085801479682,-5.039453231661543,0,-5.89242553906864
CCCTAGGTTTCACTTA,1.0,-5.496364158421868,53.0,1.0,-5.514459137451469,,,,,,,LibB,TTC152CAG,F152Q,1,1,0,0,1,0,0.5,-5.938245232980833,1.0,-6.5177308794220785,-6.227988056201456,0,-5.866699852069062
CCTCAAGCCACAAAAG,4.0,-3.806704279034019,50.0,0.5,-6.430394872662995,,,,,,,LibB,CTG82CTA ACC1003ATC,T1003I,2,1,1,0,0,1,0.5,-6.248585353592984,0.5,-6.977162498059376,-6.61287392582618,0,-5.865711750837343
GGACAGATTAATCAGC,2.0,-6.383889429163456,177.0,4.0,-5.254144232971267,,,,,,,LibB,CAG236CGG,Q236R,1,1,1,0,0,1,0.5,-7.82577050372242,4.0,-3.998857569158695,-5.9123140364405575,0,-5.86566543375396
TAGGGGTGTTAACAAA,0.5,-6.918597159104916,173.0,3.0,-5.636204409803838,,,,,,,LibB,GCC481GGC,A481G,1,1,1,0,1,1,0.5,-6.360478233663881,3.0,-4.537630436859783,-5.449054335261832,0,-5.863227559858104
CAGTAGTCGAGTCGAT,2.0,-4.896902088005597,82.0,3.0,-4.559128186785197,,,,,,,LibB,TCT69GCC GTG619ATG GGA1164GGG GAC1196AAC,S69A V619M D1196N,4,3,2,0,1,2,1.0,-5.338783162564561,0.5,-8.640127510781804,-6.989455336673183,0,-5.85873523703429
CAGTATCCTAGCCCCA,0.5,-7.244825391425904,63.0,2.0,-4.763818606388187,,,,,,,LibB,AGC167TTC CCC370CGC AAG676TAC GGC766AGC,S167F P370R K676Y G766S,4,4,2,3,3,2,1.0,-5.6867064659848685,2.0,-5.700952703477848,-5.6938295847313585,0,-5.849075791819202
GCAAAGAACAGGTAGA,3.0,-5.9328813851111635,258.0,4.0,-5.7977659383115245,,,,,,,LibB,TTC978GCC CTG1183CTA,F978A,2,1,0,1,1,0,1.0,-6.959724960391284,6.0,-4.70535788259785,-5.832541421494567,0,-5.848932541602956
TAAATTAAAGCCCAGC,0.5,-7.261898904784846,118.0,3.0,-5.084219231528955,,,,,,,LibB,GTG67TGG GAG211GAA TAC652TAT,V67W,3,1,0,0,1,0,2.0,-4.7037799793438095,1.0,-6.254696473588285,-5.479238226466047,0,-5.8261486473114745
CATAATGTTTATCCTG,2.0,-6.042332527527161,161.0,4.0,-5.117455561002887,,,,,,,LibB,ATT566GTG,I566V,1,1,1,0,0,1,1.0,-6.484213602086125,3.0,-5.6515866261568695,-6.067900114121498,0,-5.8238970791932605
GTAGATACTTTAAATT,5.0,-3.905619305106706,54.0,2.0,-4.541426185051739,,,,,,,LibB,TCC251TAC,S251Y,1,1,1,1,1,1,0.5,-6.669428474553033,1.0,-8.12752523312317,-7.398476853838102,0,-5.810999799458662
TTGCTGAAGCCTTGAA,4.0,-5.109895811339795,82.0,5.0,-3.8221625926189917,,,,,,,LibB,GAC173TGG AGC493GCC ACC713CTC GGC943TGG,D173W S493A T713L G943W,4,4,2,2,3,0,2.0,-5.55177688589876,0.5,-8.720670938092354,-7.1362239119955575,0,-5.801126556987476
ATGGTTCGAAACTAAG,2.0,-5.244825391425904,105.0,2.0,-5.500784200554393,,,,,,,LibB,ACC1235AAC,T1235N,1,1,1,0,0,1,1.0,-5.6867064659848685,1.0,-6.75294734111611,-6.219826903550489,0,-5.79631584977032
GTTAGTACGTTTTATG,1.0,-5.918597159104916,55.0,0.5,-6.56789839641293,,,,,,,LibB,AAC159AGC GCC219GGC GAT402GAG GCC481GCG GTG1225ATC,N159S A219G D402E V1225I,5,4,4,0,2,2,2.0,-4.360478233663881,1.0,-6.325085801479682,-5.342782017571782,0,-5.793014897665351
AGGCTAAACATAAGAA,0.5,-6.918597159104916,91.0,3.0,-4.70937082236581,,,,,,,LibB,GCA685AGC,A685S,1,1,1,0,1,1,2.0,-4.360478233663881,2.0,-7.166388055460624,-5.763433144562253,0,-5.788708567648808
GGGTGAGCATATGTCA,1.0,-6.907790404148334,102.0,5.0,-4.137035929972404,,,,,,,LibB,ACC74CCC ACA856ACC,T74P,2,1,0,1,1,0,4.0,-4.349671478707298,1.0,-7.733668278621227,-6.041669878664262,0,-5.782041522862316
AGACACCAATTACACT,2.0,-5.98179098559211,174.0,1.0,-7.2294821787369985,,,,,,,LibB,TTT163---,F163-,1,1,1,0,0,0,1.0,-6.423672060151074,3.0,-3.347805877979766,-4.88573896906542,0,-5.745687775614988
TGTAGTAGAAAAACAG,1.0,-6.735151018008985,58.0,3.0,-4.059557177294686,,,,,,,LibB,ACA721AGC,T721S,1,1,1,0,0,1,4.0,-4.177032092567949,0.5,-7.988050814202111,-6.08254145338503,0,-5.7399477755184325
TAACCTTGATCTACTG,1.0,-6.174436063534506,64.0,0.5,-6.78653868288827,,,,,,,LibB,GGC105GGT GCC927AGG,A927R,2,1,1,0,0,0,2.0,-4.61631713809347,2.0,-5.37571187454965,-4.99601450632156,0,-5.738250939766474
TTATATATCATTAAAG,0.5,-8.174436063534506,37.0,2.0,-3.99599204851722,,,,,,,LibB,CCA269CAA,P269Q,1,1,0,0,0,0,1.0,-6.61631713809347,3.0,-4.15516080003737,-5.38573896906542,0,-5.735476512545642
CTACACACCCATAGAC,6.0,-3.4573700268060046,113.0,1.0,-6.606717645303458,,,,,,,LibB,GCT1013ACC,A1013T,1,1,1,0,0,1,0.5,-6.484213602086125,1.0,-6.39219999733822,-6.438206799712173,0,-5.735125317883452
GAGCACAAATCAAATG,3.0,-5.65124976040004,245.0,1.0,-7.723176621890841,,,,,,,LibB,ACC19TTC TCC1239ATC,T19F S1239I,2,2,1,1,1,1,2.0,-5.678093335680161,6.0,-3.8869646890877974,-4.7825290123839785,0,-5.73487110176471
TTTACCTTTTCGAGAA,1.0,-5.78324530621003,74.0,2.0,-4.99599204851722,,,,,,,LibB,AGG343ATC CAG781AAG,R343I Q781K,2,2,2,0,0,1,0.5,-6.2251263807689945,1.0,-5.932768378700922,-6.0789473797349585,0,-5.734283028549292
ACTGGGGGTTTAATTC,1.0,-7.156288716824247,14.0,0.5,-4.593893604945874,,,,,,,LibB,TGG1214TGT,W1214C,1,1,0,0,0,0,3.0,-5.013207290662055,1.0,-6.102693380143235,-5.557950335402644,0,-5.716520748143854
AAATTAAAGATGCAGC,0.5,-6.852507968647144,75.0,3.0,-4.430394872662995,,,,,,,LibB,GGC73AGC GAC78TGC CTC449GTG GCT472AGC ACC569ACG GAG699GAC,G73S D78C L449V A472S E699D,6,5,3,1,3,3,1.0,-5.294389043206108,1.0,-6.21817059756317,-5.7562798203846395,0,-5.698865620519855
TAACTGGATCGGCACG,1.0,-5.918597159104916,138.0,1.0,-6.89506313966644,,,,,,,LibB,GAC40GAA AGC96CCC GAC136ACG,D40E S96P D136T,3,3,1,2,2,0,2.0,-4.360478233663881,2.0,-5.562124998780532,-4.961301616222206,0,-5.684065882803942
GGGTCGTGCGAAATTG,2.0,-4.735151018008985,44.0,0.5,-6.245970301525568,,,,,,,LibB,TGG64CTG GAC140CCC,W64L D140P,2,2,1,1,1,1,1.0,-5.177032092567949,1.0,-6.5177308794220785,-5.8473814859950135,0,-5.668971072881145
AATGCAGTTCCAAGCT,1.0,-5.98179098559211,74.0,1.0,-5.99599204851722,,,,,,,LibB,GGC73TGG ACA1114GAG,G73W T1114E,2,2,0,2,2,0,4.0,-3.4236720601510746,0.5,-7.272618381585547,-5.348145220868311,0,-5.668518368961488
TAATGCTCAGGTAAAT,0.5,-6.735151018008985,15.0,1.0,-3.693429278496789,,,,,,,LibB,TTC371TAC,F371Y,1,1,0,0,0,0,0.5,-6.177032092567949,1.0,-6.0202312199512615,-6.098631656259606,0,-5.656460902256246
GAGAGTTTTGAAACTA,6.0,-3.396828484870954,243.0,4.0,-5.711351186494051,,,,,,,LibB,CCC210GAC,P210D,1,1,0,1,1,0,0.5,-6.423672060151074,0.5,-7.041292835479092,-6.732482447815083,0,-5.643286141748792
CGAGCAGACATACCGA,1.0,-7.165390923931499,82.0,9.0,-2.9741656860640417,,,,,,,LibB,ATC1112CTG,I1112L,1,1,1,0,0,0,2.0,-5.6072719984904635,1.0,-6.75294734111611,-6.1801096698032865,0,-5.624943987400529
AAGCTTCATTCTTCAA,2.0,-4.82978789214706,65.0,2.0,-4.808906495916725,,,,,,,LibB,TTC978AGG TCC1249GTG,F978R S1249V,2,2,0,1,2,0,1.0,-5.271668966706025,0.5,-7.576624568475647,-6.424146767590836,0,-5.6217469808113645
TTATCAAAAATACACT,7.0,-4.164094119313047,83.0,1.0,-6.161578114235195,,,,,,,LibB,GAC78GAG GCC121ACC,D78E A121T,2,2,2,0,1,1,4.0,-4.413330115929615,0.5,-7.727184245051028,-6.070257180490321,0,-5.616546648632221
TACGCCGAACTAACCT,5.0,-4.914284166233833,296.0,3.0,-6.411029547796064,,,,,,,LibB,GAT424GCC GGC1216AGC,D424A G1216S,2,2,2,0,1,1,2.0,-5.678093335680161,3.0,-5.4352687192301055,-5.556681027455133,0,-5.60966894223504
CTCAATTGCATGAATA,2.0,-6.100435482090729,23.0,3.0,-2.725138138224127,,,,,,,LibB,AAC654TAC ACC1113AAC TCT1167TAC,N654Y T1113N S1167Y,3,3,3,0,0,2,1.0,-6.542316556649694,2.0,-7.009583975751753,-6.775950266200724,0,-5.594368538179076
GTGATGCTATTAATTC,2.0,-4.806704279034019,43.0,0.5,-6.2128034375903685,,,,,,,LibB,GAT402GTG GGC766AGG,D402V G766R,2,2,1,1,1,1,1.0,-5.248585353592984,1.0,-6.102693380143235,-5.6756393668681095,0,-5.592696612590151
ATAGCTAACAACACGA,7.0,-3.132615887839879,94.0,0.5,-7.341127534565907,,,,,,,LibB,ACC19TAC GAA513AAA CTG1241CTA,T19Y E513K,3,2,1,1,1,0,1.0,-5.381851884456448,1.0,-6.471927189808953,-5.9268895371327,0,-5.5818806241677965
AAAAAGAGAGCAAAAG,2.0,-5.863735224070398,12.0,0.5,-4.371501183609427,,,,,,,LibB,CTG5GTC CTG171GTG ACC1097ATC AGA1182AAC,L5V L171V T1097I R1182N,4,4,3,1,2,1,0.5,-7.305616298629362,2.0,-4.765658392865664,-6.035637345747513,0,-5.576627774793713
TAAATTATACGGATAC,1.0,-5.759398564255662,10.0,0.5,-4.108466777775632,,,,,,,LibB,TCC45TTC AGC96AGT GTC154CTG ATG737ATA GGC943GGT CTG1190CTA,S45F V154L M737I,6,3,3,0,0,2,1.0,-5.2012796388146265,0.5,-7.21817059756317,-6.209725118188898,0,-5.571828894602272
AAATATAAGGAGAAAA,2.0,-4.939970809897483,54.0,2.0,-4.541426185051739,,,,,,,LibB,GTG166TGC,V166C,1,1,1,0,0,0,1.0,-5.381851884456448,0.5,-7.40850180966732,-6.395176847061884,0,-5.567937672268248
ATCTAATCCCAGTTGA,1.0,-4.759398564255662,65.0,2.0,-4.808906495916725,,,,,,,LibB,ACC29ACG,0,1,0,0,0,0,0,0.5,-5.2012796388146265,1.0,-7.471927189808953,-6.33660341431179,0,-5.560377972198992
AAGATTTCAACAGTCC,0.5,-5.806704279034019,67.0,1.0,-5.852627873346043,,,,,,,LibB,CTG238AAG TAC498ACC ACA1114ACG,L238K Y498T,3,2,2,1,1,1,1.0,-4.248585353592984,2.0,-6.325085801479682,-5.286835577536333,0,-5.558250826863182
CATGCCCCCTAGGCCC,1.0,-5.467217812762352,68.0,0.5,-6.87400152413861,,,,,,,LibB,ATC93ATG GAC212CCC TCT253ACC,I93M D212P S253T,3,3,2,2,2,0,1.0,-4.909098887321316,2.0,-4.977162498059376,-4.943130692690346,0,-5.556870180570414
AAGGTCGCAAAGCGGA,0.5,-6.78324530621003,81.0,2.0,-5.126388685772895,,,,,,,LibB,GAT827AAT GAG1185AAG,D827N E1185K,2,2,2,0,0,1,2.0,-4.2251263807689945,1.0,-5.9988575691586945,-5.1119919749638445,0,-5.533404485477654
ATAATAATCTAATCAC,1.0,-5.344361064976819,61.0,0.5,-6.717276020451156,,,,,,,LibB,AGG243TGG CTG368AGG GGC1248GAC,R243W L368R G1248D,3,3,1,1,1,0,0.5,-5.786242139535783,3.0,-4.230448927341607,-5.008345533438694,0,-5.519582038076342
CCGTTATATAGGTGGT,7.0,-3.987667551928779,112.0,4.0,-4.593893604945874,,,,,,,LibB,CAA869CTG,Q869L,1,1,1,0,0,0,2.0,-5.236903548545348,1.0,-8.254696473588284,-6.745800011066816,0,-5.518290294752071
AAATCGCTTGGCTTAA,2.0,-5.100435482090729,100.0,1.0,-6.430394872662995,,,,,,,LibB,GAT1124TAC CAA1198GAG,D1124Y Q1198E,2,2,2,0,0,1,2.0,-4.542316556649694,2.0,-5.955136191729377,-5.248726374189536,0,-5.507070775783199
TTAGTTTGCGCATGCT,3.0,-4.396828484870954,292.0,2.0,-6.976363241768287,,,,,,,LibB,TAC276TTC,Y276F,1,1,1,0,0,1,2.0,-4.423672060151074,1.0,-6.102693380143235,-5.263182720147155,0,-5.474889291733387
GAAGGTAAAGATCATA,1.0,-6.042332527527161,68.0,1.0,-5.87400152413861,,,,,,,LibB,ACA1114CTC CTC1197TTC,T1114L L1197F,2,2,1,1,1,1,4.0,-3.4842136020861254,1.0,-6.471927189808953,-4.978070395947539,0,-5.468118710890213
AAATTTATTAGACGCC,2.0,-4.685397982811885,53.0,0.5,-6.514459137451469,,,,,,,LibB,GTG3GGC GAC173CAC AAG853AGG AGC1094AAC TGT1247TAC,V3G D173H K853R S1094N C1247Y,5,5,4,2,2,3,2.0,-4.12727905737085,2.0,-6.525225415969003,-5.3262522366699265,0,-5.463090398400802
CAATTCGACAACAACA,3.0,-4.607395470810612,170.0,1.0,-7.195929619025972,,,,,,,LibB,CTG82ATC AAC367CAC AAC1155AGC TGT1240TGG,L82I N367H N1155S C1240W,4,4,4,0,0,2,5.0,-3.3123109512033704,1.0,-6.727184245051028,-5.019747598127199,0,-5.460705071522746
CAGGAAGAAGCGTGGA,2.0,-5.137910187509392,64.0,2.0,-4.78653868288827,,,,,,,LibB,ACC716AGC CAG954CAT AAG1178CAG,T716S Q954H K1178Q,3,3,3,0,0,1,0.5,-6.5797912620683565,2.0,-5.307807810047847,-5.943799536058101,0,-5.453011985628466
TAACTAAATTCTATGT,1.0,-4.939970809897483,34.0,0.5,-5.87400152413861,,,,,,,LibB,CTG300ATC TAT657CAT AAG983AAC AAC1155ACC GAA1204AAA,L300I Y657H K983N N1155T E1204K,5,5,4,0,0,1,1.0,-4.381851884456448,2.0,-6.605193720672418,-5.493522802564433,0,-5.450254484791239
TATTAAAGGCCGCCAA,2.0,-6.183424846761761,64.0,2.0,-4.78653868288827,,,,,,,LibB,AGG679TGG CAG776AGG,R679W Q776R,2,2,2,0,0,2,2.0,-5.625305921320725,2.0,-5.142221744329873,-5.383763832825299,0,-5.434372798825157
TTTAACACAAAGGAAG,1.0,-4.4374704693683,62.0,1.0,-5.7407349932751455,,,,,,,LibB,AAG441ATG CCT618CTG GCC939GAC,K441M P618L A939D,3,3,2,0,0,2,1.0,-3.879351543927264,1.0,-7.647013896367045,-5.763182720147155,0,-5.426142725734438
CACATATCTATTGTTT,3.0,-4.048905181450647,134.0,0.5,-7.852627873346043,,,,,,,LibB,ATC1010AGC,I1010S,1,1,1,0,0,0,2.0,-4.075748756730768,3.0,-5.678722756094383,-4.877235756412576,0,-5.414001141905461
AAAGCAATGTAACGTG,1.0,-5.278772723349242,80.0,2.0,-5.108466777775632,,,,,,,LibB,CTG368GGG AAC1105AGC ATC1213ACC,L368G N1105S I1213T,3,3,2,1,1,2,2.0,-3.720653797908206,0.5,-7.547478222816131,-5.634066010362169,0,-5.413842880462303
TGCCGCACTGATCATG,1.0,-6.137910187509392,50.0,1.0,-5.430394872662995,,,,,,,LibB,ATC329TAC TCC936CTC,I329Y S936L,2,2,2,1,1,0,1.0,-5.5797912620683565,4.0,-4.39219999733822,-4.985995629703288,0,-5.385074079894741
ATCAAGTAGAACTCTC,1.0,-5.896902088005597,42.0,2.0,-4.17885610566703,,,,,,,LibB,AGG100ACC GAC109CAC ACC675CAC CAC678AAC GAC840ATG CAA1205CAC CTG1221CTA,R100T D109H T675H H678N D840M Q1205H,7,6,4,2,2,2,0.5,-6.338783162564561,2.0,-5.082515498205605,-5.710649330385083,0,-5.374264213610698
CGTCTAAAAACAAAAA,2.0,-5.806704279034019,35.0,2.0,-3.9158216998332365,,,,,,,LibB,CTG171GAG GGC766TCC CTG818ATC,L171E G766S L818I,3,3,1,2,2,1,1.0,-6.248585353592984,1.0,-5.5177308794220785,-5.883158116507531,0,-5.3722105529705795
TCTCCTGACATGCTAT,3.0,-5.365577550886514,75.0,2.0,-5.015357373384151,,,,,,,LibB,GTG67GCG,V67A,1,1,0,0,1,1,3.0,-4.807458625445479,2.0,-6.299090592946738,-5.553274609196109,0,-5.371871035665721
GTCCAGTGATAAATTG,0.5,-5.100435482090729,47.0,1.0,-5.341127534565907,,,,,,,LibB,ATC206TCC,I206S,1,1,1,1,1,1,0.5,-4.542316556649694,0.5,-6.4563303347579355,-5.499323445703815,0,-5.360052477016067
GCTTAGCAAAGGCCAA,1.0,-5.022432970089456,60.0,1.0,-5.693429278496789,,,,,,,LibB,ATG1047ATC,M1047I,1,1,1,0,0,1,1.0,-4.464314044648421,0.5,-6.142221744329873,-5.303267894489147,0,-5.330599509391135
AAACTTACTGAGCACT,4.0,-4.192357971531768,154.0,2.0,-6.053325223583172,,,,,,,LibB,AGC96CCG AAG353AAC,S96P K353N,2,2,2,1,1,1,2.0,-4.634239046090733,1.0,-6.37571187454965,-5.504975460320192,0,-5.313908528938831
TAATCAGCTGGAAGGC,1.0,-6.2275473999940685,41.0,2.0,-4.144090687506354,,,,,,,LibB,ACC74CCG GGC101AGC GCC843AAG CTG1060TGC,T74P G101S A843K L1060C,4,4,1,2,3,0,0.5,-6.669428474553033,3.0,-4.180695892144508,-5.42506218334877,0,-5.305440613549491
CAGAAGAGCATCCCGA,2.0,-5.311939587284441,193.0,3.0,-5.794033219435194,,,,,,,LibB,CCC370TAC AGC747AGA,P370Y S747R,2,2,1,1,1,0,2.0,-4.753820661843405,2.0,-5.325085801479682,-5.039453231661543,0,-5.29621981751068
TTCGGTTGTTCCCATT,1.0,-6.137910187509392,178.0,2.0,-6.262272113854668,,,,,,,LibB,CTG368CGG GAC1165GAA ATG1230GTG,L368R D1165E M1230V,3,3,2,1,1,1,2.0,-4.5797912620683565,4.0,-4.142221744329873,-4.361006503199114,0,-5.2805488269405725
ACAAACAAATTCATTC,1.0,-6.192357971531768,60.0,4.0,-3.693429278496789,,,,,,,LibB,GCA259ACC,A259T,1,1,1,1,1,1,2.0,-4.634239046090733,3.0,-6.586210617304845,-5.6102248316977885,0,-5.276559228356033
GAAACAAGTACAGAAG,2.0,-4.552947686788236,116.0,3.0,-5.059557177294686,,,,,,,LibB,AGC356AAC GGC482GGT CGC490TCC TCC1239GGC,S356N R490S S1239G,4,3,2,1,1,2,0.5,-5.9948287613472,2.0,-5.48735723037856,-5.74109299586288,0,-5.273672713952171
GCAATTTTTCGTCACT,0.5,-7.156288716824247,88.0,8.0,-3.2459703015255674,,,,,,,LibB,ACA304GAG GGC1243TGC,T304E G1243C,2,2,1,0,1,1,0.5,-6.598169791383211,3.0,-4.075726332542965,-5.3369480619630885,0,-5.269038785568998
CGGCGCAGGCACCTCA,3.0,-4.58947356281335,135.0,2.0,-5.863354279939101,,,,,,,LibB,GAC78ATC CAG784CAC,D78I Q784H,2,2,1,0,1,1,3.0,-4.031354637372314,2.0,-6.554820198157299,-5.293087417764807,0,-5.259750669570516
CTACCAACAGGTATAG,3.0,-3.6938102226280853,70.0,0.5,-6.915821699833237,,,,,,,LibB,GGC73GCG AGC92TTC GAC212GCG GCT842AGC GTG1173AGG,G73A S92F D212A A842S V1173R,5,5,4,3,4,4,2.0,-3.720653797908206,1.0,-6.674235365102069,-5.197444581505137,0,-5.251130271367899
TTTCCAGCAAGGGTCG,1.0,-5.939970809897483,72.0,1.0,-5.956463684330583,,,,,,,LibB,GTG16ATC CAG178TAC,V16I Q178Y,2,2,2,0,0,1,1.0,-5.381851884456448,6.0,-3.7053578825978497,-4.5436048835271485,0,-5.24591106532059
CCCACACACATATCAC,2.0,-5.633867682171804,65.0,2.0,-4.808906495916725,,,,,,,LibB,GCC91ATC,A91I,1,1,1,0,0,0,3.0,-4.490786256009612,1.0,-6.0202312199512615,-5.255508737980437,0,-5.238447913512351
AAAAAAATTGTTAAAC,1.0,-4.4374704693683,90.0,2.0,-5.2783917792179444,,,,,,,LibB,GTG67GAC AGG762CTG,V67D R762L,2,2,2,0,1,1,1.0,-3.879351543927264,0.5,-7.272618381585547,-5.575984962756405,0,-5.216958043524764
TAGTGATGACGAACAA,1.0,-4.852507968647144,148.0,2.0,-5.99599204851722,,,,,,,LibB,CAG14--- CCC210GCC GGC482GAC AGA495CGC CTC608TTC GGC766CGC,Q14- P210A G482D L608F G766R,6,5,4,2,2,2,0.5,-5.294389043206108,4.0,-4.633208096842014,-4.9637985700240606,0,-5.194024289303122
AACAAATCATTCTAAC,5.0,-4.3634698879245235,207.0,2.0,-6.480025640387596,,,,,,,LibB,GAG175GTG AGA405AAG GTG1173AGC,E175V R405K V1173S,3,3,3,0,1,2,5.0,-3.8053509624834874,3.0,-6.055165010060649,-4.930257986272068,0,-5.176002875214063
ACAGACATTAGGCTAT,2.0,-4.467217812762352,40.0,1.0,-5.108466777775632,,,,,,,LibB,AAG1188TGC,K1188C,1,1,0,0,1,0,1.0,-4.909098887321316,0.5,-6.21817059756317,-5.563634742442243,0,-5.175738518855618
AACTACGTACTATCAA,1.0,-6.481864588726753,49.0,2.0,-4.401248527003478,,,,,,,LibB,CCA319TCA,P319S,1,1,1,0,0,1,1.0,-5.923745663285717,5.0,-3.8587677972571455,-4.891256730271431,0,-5.166406644068274
GAAAGATATATCAGGC,1.0,-5.607395470810612,105.0,2.0,-5.500784200554393,,,,,,,LibB,AGC13AAC GGC73AGC,S13N G73S,2,2,2,2,2,2,4.0,-3.0492765453695765,1.0,-6.40850180966732,-4.7288891775184485,0,-5.141489506600475
GGATTCTTCAATAGAA,0.5,-6.244825391425904,57.0,3.0,-4.034466196331856,,,,,,,LibB,CTG875TTG GAC1165TAC,D1165Y,2,1,1,0,0,1,0.5,-5.6867064659848685,5.0,-4.565036594200435,-5.125871530092652,0,-5.132758661985766
CTCCGTTAGTCTTCCC,2.0,-6.100435482090729,57.0,3.0,-4.034466196331856,,,,,,,LibB,ACC729GCC TAC901TAT,T729A,2,1,1,0,0,1,3.0,-4.957354055928537,4.0,-5.37571187454965,-5.166532965239094,0,-5.116991902225193
GGATGTATATTACTCA,3.0,-5.322827903427178,76.0,1.0,-6.034466196331856,,,,,,,LibB,GCC517AGC AAG966AAA TCC1249GCC,A517S S1249A,3,2,2,0,1,1,5.0,-4.027743383819935,7.0,-5.050225960249099,-4.538984672034517,0,-5.108815860957018
CCCCGGATGTAGATAT,4.0,-3.467217812762352,253.0,0.5,-8.769532257582581,,,,,,,LibB,AAC700ACC AAC1189ACC,N700T N1189T,2,2,2,0,0,1,4.0,-2.909098887321316,8.0,-5.2859152041990045,-4.09750704576016,0,-5.107941040466313
TACGGCAAGAATAATT,1.0,-4.896902088005597,182.0,3.0,-5.70937082236581,,,,,,,LibB,TTC152CCG GAC1165TAC TAC1212CAC,F152P D1165Y Y1212H,3,3,2,0,1,2,0.5,-5.338783162564561,3.0,-4.4563303347579355,-4.897556748661248,0,-5.100346601923476
TTGCATCTGTTACGAC,5.0,-3.6598628907047477,101.0,1.0,-6.444750165640065,,,,,,,LibB,CTG7TTC,L7F,1,1,1,0,0,1,4.0,-3.4236720601510746,3.0,-6.774070632681864,-5.09887134641647,0,-5.075588937294438
CCAGAATTAATGCCCA,2.0,-4.735151018008985,111.0,1.0,-6.580954549238376,,,,,,,LibB,GAC78TTC GTC88GCC,D78F V88A,2,2,2,0,1,0,1.0,-5.177032092567949,5.0,-3.800664842693577,-4.488848467630763,0,-5.073450625627222
CAAGACTAAATGCAGA,0.5,-6.524933310618639,65.0,7.0,-3.0015515738591207,,,,,,,LibB,GAG777AAG GAT1124TAC,E777K D1124Y,2,2,2,0,0,1,2.0,-3.9668143851776034,0.5,-6.790749373828494,-5.378781879503049,0,-5.071012160870964
TTGGTAATCATCAATA,1.0,-7.192357971531768,30.0,2.0,-3.693429278496789,,,,,,,LibB,GAG321GCC,E321A,1,1,1,0,0,0,3.0,-5.049276545369577,4.0,-4.272618381585547,-4.660947463477562,0,-5.05192054424592
TAATTGTGTCCAAAAC,5.0,-3.7204044326397985,207.0,4.0,-5.480025640387596,,,,,,,LibB,ATC1213TTC,I1213F,1,1,1,0,0,0,2.0,-4.484213602086125,2.0,-6.281496532932,-5.3828550675090625,0,-4.99153505201138
CAGCCCAACCTATACG,2.0,-5.002255088151826,12.0,2.0,-2.3715011836094266,,,,,,,LibB,AGC200AGT,0,1,0,0,0,0,0,1.0,-5.44413616271079,0.5,-6.910048302200839,-6.177092232455815,0,-4.93198518416822
AAGGGGGCTTAACTAC,4.0,-5.042332527527161,67.0,0.5,-6.852627873346043,,,,,,,LibB,ACC20CCC AGG352AGA GAC1196AAC,T20P D1196N,3,2,2,0,0,1,3.0,-4.899251101364969,4.0,-2.932768378700922,-3.916009740032946,0,-4.931744970234773
AGCAGATTATGAACAA,3.0,-3.9679851860670796,138.0,2.0,-5.89506313966644,,,,,,,LibB,GAC250CCG AAT478AAG,D250P N478K,2,2,1,1,1,1,1.0,-4.9948287613472,6.0,-4.823539308946164,-4.909184035146682,0,-4.920354099006721
TGTGTACGACTGACAA,0.5,-5.4374704693683,23.0,1.0,-4.310100638945283,,,,,,,LibB,GTG67ACC,V67T,1,1,1,0,1,1,0.5,-4.879351543927264,0.5,-5.0202312199512615,-4.949791381939263,0,-4.911788468048027
CCATCCGACTCTTTTA,1.0,-6.100435482090729,48.0,7.0,-2.5641462615518225,,,,,,,LibB,GAC173TCC,D173S,1,1,0,1,1,0,1.0,-5.542316556649694,2.0,-5.342159314838624,-5.442237935744159,0,-4.8872644037827175
CGTTTCCTTCCGTAAA,2.0,-2.174436063534506,87.0,0.5,-7.2294821787369985,,,,,,,LibB,GCC121ACC CCA169CTG GCC1077AGC,A121T P169L A1077S,3,3,3,0,0,3,0.5,-3.6163171380934704,1.0,-6.471927189808953,-5.0441221639512115,0,-4.873040642543483
ATGCGACAAACGAGAT,7.0,-4.358036001873895,68.0,2.0,-4.87400152413861,,,,,,,LibB,GAT86AAC,D86N,1,1,1,0,0,1,3.0,-5.0223094977693075,5.0,-5.2032973210816404,-5.112803409425474,0,-4.864411086215863
AGGAGATTCGGGCATA,2.0,-5.918597159104916,57.0,3.0,-4.034466196331856,,,,,,,LibB,AAC655AAG CTG1060TTG GAC1143GAG,N655K D1143E,3,2,2,0,0,2,4.0,-4.360478233663881,2.0,-5.142221744329873,-4.751349988996877,0,-4.863940833357631
TAGACTTGCCAAATCG,5.0,-4.25850032832298,58.0,3.0,-4.059557177294686,,,,,,,LibB,CAT1055AGG TGT1238TAC,H1055R C1238Y,2,2,2,0,0,2,1.0,-6.0223094977693075,1.0,-4.633208096842014,-5.327758797305661,0,-4.743393775057247
AATACTTCACATGGAA,3.0,-5.524933310618639,141.0,7.0,-4.11873511322946,,,,,,,LibB,GAC336CTC,D336L,1,1,0,0,1,0,4.0,-4.55177688589876,4.0,-4.5177308794220785,-4.53475388266042,0,-4.678294047292234
AAATACAAAAAGGAAG,2.0,-4.874875781675598,85.0,2.0,-5.195929619025972,,,,,,,LibB,AGC96AAC AAC655TAC CAA1205CAC,S96N N655Y Q1205H,3,3,3,1,1,1,3.0,-3.731794355513406,3.0,-4.855600518178463,-4.293697436845934,0,-4.664550068598359
GAGAACAGAGTTAAAG,3.0,-3.1255264630535593,60.0,0.5,-6.693429278496789,,,,,,,LibB,TCT69TTC ACC629GCC,S69F T629A,2,2,2,0,0,1,1.0,-4.15237003833368,2.0,-4.39219999733822,-4.27228501783595,0,-4.5908814443055626
ATCTCTCAGATTGGAG,0.5,-4.759398564255662,15.0,0.5,-4.693429278496789,,,,,,,LibB,ACC74TAC GGC176GAG GTG442ATC GGC766GTC AAC922AAA GCT1013ACT ATT1222TTC,T74Y G176E V442I G766V N922K A1013T I1222F,7,7,6,2,2,5,0.5,-4.2012796388146265,2.0,-4.576624568475647,-4.388952103645137,0,-4.557683012510681
AAACAGGGTAAGTTAG,1.0,-4.100435482090729,71.0,1.0,-5.936285802392953,,,,,,,LibB,ATG172CTG,M172L,1,1,1,0,0,0,2.0,-2.5423165566496935,2.0,-5.619268905884141,-4.080792731266917,0,-4.54957668675438
TAACTAATAGTAATAT,4.0,-4.022432970089456,75.0,2.0,-5.015357373384151,,,,,,,LibB,GCT240TCT,A240S,1,1,1,0,0,1,3.0,-3.879351543927264,4.0,-5.180695892144508,-4.530023718035886,0,-4.524459444886345
GAAGACTTCCGCAAAC,4.0,-3.6853979828118857,41.0,1.0,-5.144090687506354,,,,,,,LibB,CCT26CAG GCC261GAC ACC675GTG GTC1134GTT TTC1217TCC,P26Q A261D T675V F1217S,5,4,1,2,2,0,2.0,-4.12727905737085,7.0,-5.131038005837197,-4.629158531604023,0,-4.521951433381572
TCACCAACAACGCAAA,2.0,-4.580428423210343,40.0,7.0,-2.3011118557180286,,,,,,,LibB,GCA685ACA,A685T,1,1,1,0,1,1,2.0,-4.0223094977693075,1.0,-6.576624568475647,-5.299467033122477,0,-4.370118586293332
TTCGGACCATGAGATC,1.0,-4.022432970089456,58.0,3.0,-4.059557177294686,,,,,,,LibB,ATC206GTC CAG215CTG CCA381GGG,I206V Q215L P381G,3,3,2,1,2,1,1.0,-3.4643140446484204,3.0,-4.790749373828494,-4.127531709238458,0,-4.084263391465265
CCAAAAAGATACCCGA,1.0,-4.98179098559211,54.0,4.0,-3.541426185051739,,,,,,,LibB,CTG108GTG GAC173GGC,L108V D173G,2,2,2,1,1,2,4.0,-2.4236720601510746,2.0,-5.102693380143235,-3.763182720147155,0,-4.01239565273454
TGACAGCGTACTTTAA,8.0,-3.759398564255662,12.0,1.0,-3.3715011836094266,,,,,,,LibB,GGC73CGG GAT86TAC ACA1114AAC,G73R D86Y T1114N,3,3,2,2,2,2,3.0,-4.61631713809347,2.0,-4.142221744329873,-4.3792694412116715,0,-3.972359657572108
AGTAATAGACAATCCA,3.0,-2.2675454679259874,31.0,2.0,-3.7407349932751455,,,,,,,LibB,ACC569CAC,T569H,1,1,0,1,1,0,2.0,-2.294389043206108,1.0,-7.40850180966732,-4.8514454264367135,0,-3.9277928285186405
AAAAATTAAAACAAAT,4.0,-4.278772723349242,58.0,7.0,-2.8371647559582382,,,,,,,LibB,TGT134CGT AAC474GTC ATG694ATC GAG777AAG,C134R N474V M694I E777K,4,4,3,1,1,1,1.0,-5.720653797908206,2.0,-2.2546964735882846,-3.987675135748245,0,-3.7728219377009924
