barcode,4U8C_B1T1_count,DMSO_B1T1-vs-4U8C_B1T1_func_score,DMSO_B2T2_count,4U8C_B2T2_count,DMSO_B2T2-vs-4U8C_B2T2_func_score,DMSO_B1T2_count,C7_B1T2_count,DMSO_B1T2-vs-C7_B1T2_func_score,C7_B2T1_count,DMSO_B2T1-vs-C7_B2T1_func_score,codon_substitutions,aa_substitutions,n_codon_substitutions,n_aa_substitutions,n_observed,n_paired,n_positive,n_recurrent,BOTH_B1T1_count,DMSO_B1T1-vs-BOTH_B1T1_func_score,BOTH_B2T1_count,DMSO_B2T1-vs-BOTH_B2T1_func_score,func_score_avg,average_func_score
CAATATGAGAAGCGTA,1,-7.032417059,283,1,-7.931196926,98,1,-6.512650465,2,-7.030029136,GAC250TTC,D250F,1,1,0,1,1,0,2,-5.474298133,0.5,-8.977162498,-7.225730316,-7.159625703
CCTAGAAACGCGTCTT,0.5,-7.524933311,129,0.5,-7.797765938,58,0.5,-6.755921616,0.5,-7.23356253,GAC53GGC GAC140CAC,D53G D140H,2,2,2,1,1,0,0.5,-6.966814385,1,-6.180695892,-6.573755139,-7.076615612
CAGACAATCCCCGCTA,1,-6.081326659,147,0.5,-7.986211028,254,1,-7.886625307,0.5,-6.843616012,AAG853TTC,K853F,1,1,1,1,1,0,1,-5.523207734,0.5,-6.790749374,-6.156978554,-6.851956019
AGTCAACGTCTAAAAT,1,-6.156288717,52,0.5,-6.486978401,136,0.5,-7.985403462,0.5,-6.411899771,ACC107ATC AAG676CTC,T107I K676L,2,2,1,1,1,1,0.5,-6.598169791,0.5,-6.359033133,-6.478601462,-6.666295546
CCATCACGGCAATATA,0.5,-8.210059973,67,0.5,-6.852627873,113,1,-6.718119583,3,-5.331409853,AAC231TAC CTC449CAG,N231Y L449Q,2,2,2,0,1,1,2,-5.651941048,1,-6.863505716,-6.257723382,-6.604610675
TCAATCTCCGAGACCG,2,-4.659862891,167,1,-7.170242975,54,0.5,-6.652828123,1,-7.461368447,GGC73AGC ACC237ATC AGA495ATG TAC498CTC,G73S T237I R495M Y498L,4,4,3,3,3,2,1,-5.101743965,0.5,-8.40850181,-6.755122887,-6.575758035
AACTTCGCAAATACCG,1,-5.40709682,173,0.5,-8.221166911,62,0.5,-6.852136931,0.5,-6.96291494,AGC13GGC ACA412AGC AAG966AGC,S13G T412S K966S,3,3,3,1,2,2,0.5,-5.848977895,1,-5.910048302,-5.879513099,-6.533723633
ACATGAATGAAGTAAG,0.5,-7.40709682,57,0.5,-6.619428697,86,2,-5.324205375,1,-6.411899771,ATC93GGG GAG616GAC,I93G E616D,2,2,1,1,1,1,0.5,-6.848977895,1,-6.359033133,-6.604005514,-6.495106949
CTTGATGATAAGATAA,0.5,-6.874875782,12,1,-3.371501184,73,0.5,-7.087765179,1,-7.607686836,AGA405GCG,R405A,1,1,0,0,0,0,1,-5.316756856,0.5,-8.554820198,-6.935788527,-6.468901006
TAATATAACAGAATCA,2,-6.39166678,193,4,-5.37899572,65,1,-5.920308434,1,-7.083667099,CTG184TTC GGA258TGC AGT727TGT,L184F G258C S727C,3,3,2,1,1,2,0.5,-7.833547854,2,-6.030800462,-6.932174158,-6.439831058
CATCTCCAACAGCAAA,0.5,-7.896902088,40,0.5,-6.108466778,73,2,-5.087765179,1,-6.030029136,AAT72ACC AGC110AAC GAC439GAT GCC481AGC ACT615ATC,N72T S110N A481S T615I,5,4,3,0,1,1,0.5,-7.338783163,1,-5.977162498,-6.65797283,-6.40651814
CTTATGAATTATAATC,4,-5.846861406,59,1,-5.669181732,107,3,-5.054445106,1,-7.524793828,CCC210CTC GGA1164CAC,P210L G1164H,2,2,0,1,2,0,3,-5.703779979,0.5,-8.47192719,-7.087853585,-6.378498207
AATAGATCTACATACA,0.5,-8.93465701,102,9,-3.289039023,171,1,-7.315793135,2,-5.672135544,ACC20AAC CCA381CTG AGC493CGG,T20N P381L S493R,3,3,2,1,2,2,1,-7.376538085,2,-5.619268906,-6.497903495,-6.367905284
GAGAGCTAGTACCAAT,2,-4.244825391,81,2,-5.126388686,90,0.5,-7.389793717,1,-7.862151963,ATT1127GTG GAC1162GGC,I1127V D1162G,2,2,2,0,0,2,0.5,-5.686706466,1,-7.809285325,-6.747995896,-6.353191925
TGTAAACCCTACTAAT,0.5,-8.183424847,16,3,-2.201576182,56,0.5,-6.705295543,0.5,-7.214453707,AGC96GTC GGC265AGC ACC1006ATC GGA1164GGG,S96V G265S T1006I,4,3,3,1,1,2,0.5,-7.625305921,1,-6.161587069,-6.893446495,-6.348607212
ATTATGGCAGTAAGGC,0.5,-8.109895811,104,2,-5.486978401,40,0.5,-6.219868715,0.5,-7.360674448,TTC372ATC CAC502CGG TAC793AAC,F372I H502R Y793N,3,3,1,1,3,1,2,-5.551776886,2,-5.30780781,-5.429792348,-6.339500345
ATTCCGGTGACATGTG,2,-5.210059973,136,1,-6.874001524,47,1,-5.452529472,1,-7.686074735,AAC183AAG GAC225CAC GAT1160AGG GTG1173CCC,N183K D225H D1160R V1173P,4,4,2,0,2,1,2,-4.651941048,1,-7.633208097,-6.142574572,-6.251302475
ATTATAATAGTAAAAT,0.5,-6.961032425,25,1,-4.430394873,67,0.5,-6.964029811,1,-5.843616012,GCC289ACC GCT876GGC ACC1006ATC,A289T A876G T1006I,3,3,3,0,0,2,0.5,-6.4029135,0.5,-6.790749374,-6.596831437,-6.232122666
TGTTAAATCAAAGCAG,3,-4.355008309,90,1,-6.278391779,44,0.5,-6.357372239,3,-6.535098836,TAC498TTC,Y498F,1,1,0,1,1,0,0.5,-6.381851884,2,-7.067194699,-6.724523292,-6.162486291
CGGTGATGGTTCGAAA,3,-4.150188517,69,1,-5.89506314,58,0.5,-6.755921616,0.5,-8.369339309,ACA995ATC CTG1190CTA,T995I,2,1,1,0,0,1,2,-4.177032093,1,-7.316472671,-5.746752382,-6.110669558
AAATCATAAATGTAAT,0.5,-5.806704279,54,0.5,-6.541426185,59,0.5,-6.78058367,1,-5.540223868,ATC68ATG GAG130GAC TCC156CCC TTC372CCC TCC934GCC AGC979ATG,I68M E130D S156P F372P S934A S979M,6,6,5,2,2,2,0.5,-5.248585354,0.5,-6.48735723,-5.867971292,-6.067480098
GCGTAATAAATTGTTC,1,-7.414750393,101,6,-3.859787665,220,1,-7.679300334,2,-5.818525031,AAG1146ATG,K1146M,1,1,1,0,0,1,1,-6.856631467,4,-4.765658393,-5.81114493,-6.065775547
AACAAGAGATGTTGAT,0.5,-6.710488964,61,0.5,-6.71727602,17,0.5,-4.985403462,0.5,-7.377952439,GCT828GTT,A828V,1,1,1,0,0,1,1,-5.152370038,2,-5.325085801,-5.23872792,-6.044762788
ATGATCGACAATCATA,2,-4.496364158,69,0.5,-6.89506314,68,3,-4.400440961,0.5,-8.369339309,GCA650GTA TCT872TTT,A650V S872F,2,2,2,1,1,1,3,-3.353282732,0.5,-8.316472671,-5.834877702,-5.971827162
AGCAGTTTTCATTCAA,4,-5.236212261,199,2,-6.423163303,129,3,-5.324205375,5,-6.131312472,CTC1197ATC,L1197I,1,1,1,0,0,1,1,-6.678093336,6,-5.815411428,-6.246752382,-5.934733029
CACTCTCATAGAAAAA,3,-4.759398564,90,7,-3.471036857,109,0.5,-7.666124945,2,-6.224039756,GCC843ACC,A843T,1,1,1,1,1,1,0.5,-6.78624214,2,-6.171173118,-6.478707629,-5.846335897
AGCAATACATTCCTTT,1,-6.376069925,33,0.5,-5.830932802,60,1,-5.804831216,2,-5.00800283,CTG18AGC GAC1143AAC,L18S D1143N,2,2,1,1,1,1,0.5,-6.817950999,2,-4.955136192,-5.886543595,-5.798820661
TACTCCAGCTATAGAA,1,-5.735151018,99,2,-5.415895303,190,0.5,-8.467796229,1,-5.411899771,ACC19ATG GAG211GGG GAC212ATC TAC418TTC,T19M E211G D212I Y418F,4,4,1,3,3,0,0.5,-6.177032093,4,-3.359033133,-4.768032613,-5.761134591
AAGAGAGAGGTTTACA,5,-4.585862309,65,1,-5.808906496,31,0.5,-5.852136931,1,-6.051724207,TAC28GAC GAC173CAC,Y28D D173H,2,2,2,1,1,1,0.5,-7.349671479,3,-4.413895068,-5.881783274,-5.677032748
AGCAACAAGTAAGAAA,3,-5.710488964,50,6,-2.845432372,152,2,-6.145868134,2,-7.185307361,AAT478AAG GGC1121GGT,N478K,2,1,1,0,0,1,3,-5.152370038,3,-6.547478223,-5.849924131,-5.597824182
GTAGGAAACAAGCAAT,0.5,-6.311939587,14,0.5,-4.593893605,113,2,-5.718119583,1,-6.360674448,CAG672CTG,Q672L,1,1,1,0,0,1,2,-3.753820662,1,-6.30780781,-5.030814236,-5.507709282
GAACGAGTGAGAACTA,3,-4.882255312,272,7,-5.066646602,78,3,-4.598380339,1,-6.96291494,GCC1171ACC CAA1205AAG,A1171T Q1205K,2,2,2,0,0,0,5,-3.587170792,0.5,-7.910048302,-5.748609547,-5.501236048
TAAAGTGAGCTGCTCC,1,-5.633867682,78,2,-5.071940902,87,1,-6.340884116,2,-7.160560699,ACC601AAC TAT1135CTG,T601N Y1135L,2,2,2,0,0,1,3,-3.490786256,7,-5.300339139,-4.395562698,-5.499729799
TGAGCAAAGAATAGGC,3,-2.726977087,77,0.5,-7.053325224,70,0.5,-7.027223638,2,-5.951419301,GAG209GAA GTG224GGC GCC519AGC AAA1202GAG,V224G A519S K1202E,4,3,3,0,1,1,3,-2.168858161,1,-6.898552663,-4.533705412,-5.304392679
CCCCTTGCCTGAGCGC,1,-5.852507969,64,2,-4.786538683,35,3,-3.442261137,1,-6.818525031,GAC336CAG CAG674CTG,D336Q Q674L,2,2,1,1,2,1,2,-4.294389043,2,-5.765658393,-5.030023718,-5.159980043
GTTCCACGTACATCTA,3,-4.07490039,60,1,-5.693429278,43,0.5,-6.324205375,0.5,-5.073097858,GTC1134GCC,V1134A,1,1,0,0,0,0,0.5,-6.101743965,2,-3.02023122,-4.560987593,-5.047934681