sequential_site,reference_site,region,dummy_site
1,1,other,1
2,2,other,2
3,3,other,3
4,4,other,4
5,5,other,5
6,6,other,6
7,7,other,7
8,8,other,8
9,9,other,9
10,10,other,10
11,11,other,11
12,12,other,12
13,13,NTD,13
14,14,NTD,14
15,15,NTD,15
16,16,NTD,16
17,17,NTD,17
18,18,NTD,18
19,19,NTD,19
20,20,NTD,20
21,21,NTD,21
22,22,NTD,22
23,23,NTD,23
24,24,NTD,24
25,25,NTD,25
26,26,NTD,26
27,27,NTD,27
28,28,NTD,28
29,29,NTD,29
30,30,NTD,30
31,31,NTD,31
32,32,NTD,32
33,33,NTD,33
34,34,NTD,34
35,35,NTD,35
36,36,NTD,36
37,37,NTD,37
38,38,NTD,38
39,39,NTD,39
40,40,NTD,40
41,41,NTD,41
42,42,NTD,42
43,43,NTD,43
44,44,NTD,44
45,45,NTD,45
46,46,NTD,46
47,47,NTD,47
48,48,NTD,48
49,49,NTD,49
50,50,NTD,50
51,51,NTD,51
52,52,NTD,52
53,53,NTD,53
54,54,NTD,54
55,55,NTD,55
56,56,NTD,56
57,57,NTD,57
58,58,NTD,58
59,59,NTD,59
60,60,NTD,60
61,61,NTD,61
62,62,NTD,62
63,63,NTD,63
64,64,NTD,64
65,65,NTD,65
66,66,NTD,66
67,67,NTD,67
68,68,NTD,68
69,71,NTD,71
70,72,NTD,72
71,73,NTD,73
72,74,NTD,74
73,75,NTD,75
74,76,NTD,76
75,77,NTD,77
76,78,NTD,78
77,79,NTD,79
78,80,NTD,80
79,81,NTD,81
80,82,NTD,82
81,83,NTD,83
82,84,NTD,84
83,85,NTD,85
84,86,NTD,86
85,87,NTD,87
86,88,NTD,88
87,89,NTD,89
88,90,NTD,90
89,91,NTD,91
90,92,NTD,92
91,93,NTD,93
92,94,NTD,94
93,95,NTD,95
94,96,NTD,96
95,97,NTD,97
96,98,NTD,98
97,99,NTD,99
98,100,NTD,100
99,101,NTD,101
100,102,NTD,102
101,103,NTD,103
102,104,NTD,104
103,105,NTD,105
104,106,NTD,106
105,107,NTD,107
106,108,NTD,108
107,109,NTD,109
108,110,NTD,110
109,111,NTD,111
110,112,NTD,112
111,113,NTD,113
112,114,NTD,114
113,115,NTD,115
114,116,NTD,116
115,117,NTD,117
116,118,NTD,118
117,119,NTD,119
118,120,NTD,120
119,121,NTD,121
120,122,NTD,122
121,123,NTD,123
122,124,NTD,124
123,125,NTD,125
124,126,NTD,126
125,127,NTD,127
126,128,NTD,128
127,129,NTD,129
128,130,NTD,130
129,131,NTD,131
130,132,NTD,132
131,133,NTD,133
132,134,NTD,134
133,135,NTD,135
134,136,NTD,136
135,137,NTD,137
136,138,NTD,138
137,139,NTD,139
138,140,NTD,140
139,141,NTD,141
140,142,NTD,142
141,146,NTD,146
142,147,NTD,147
143,148,NTD,148
144,149,NTD,149
145,150,NTD,150
146,151,NTD,151
147,152,NTD,152
148,153,NTD,153
149,154,NTD,154
150,155,NTD,155
151,156,NTD,156
152,157,NTD,157
153,158,NTD,158
154,159,NTD,159
155,160,NTD,160
156,161,NTD,161
157,162,NTD,162
158,163,NTD,163
159,164,NTD,164
160,165,NTD,165
161,166,NTD,166
162,167,NTD,167
163,168,NTD,168
164,169,NTD,169
165,170,NTD,170
166,171,NTD,171
167,172,NTD,172
168,173,NTD,173
169,174,NTD,174
170,175,NTD,175
171,176,NTD,176
172,177,NTD,177
173,178,NTD,178
174,179,NTD,179
175,180,NTD,180
176,181,NTD,181
177,182,NTD,182
178,183,NTD,183
179,184,NTD,184
180,185,NTD,185
181,186,NTD,186
182,187,NTD,187
183,188,NTD,188
184,189,NTD,189
185,190,NTD,190
186,191,NTD,191
187,192,NTD,192
188,193,NTD,193
189,194,NTD,194
190,195,NTD,195
191,196,NTD,196
192,197,NTD,197
193,198,NTD,198
194,199,NTD,199
195,200,NTD,200
196,201,NTD,201
197,202,NTD,202
198,203,NTD,203
199,204,NTD,204
200,205,NTD,205
201,206,NTD,206
202,207,NTD,207
203,208,NTD,208
204,209,NTD,209
205,210,NTD,210
206,212,NTD,212
207,213,NTD,213
208,214,NTD,214
209,214a,NTD,214a
210,214b,NTD,214b
211,214c,NTD,214c
212,215,NTD,215
213,216,NTD,216
214,217,NTD,217
215,218,NTD,218
216,219,NTD,219
217,220,NTD,220
218,221,NTD,221
219,222,NTD,222
220,223,NTD,223
221,224,NTD,224
222,225,NTD,225
223,226,NTD,226
224,227,NTD,227
225,228,NTD,228
226,229,NTD,229
227,230,NTD,230
228,231,NTD,231
229,232,NTD,232
230,233,NTD,233
231,234,NTD,234
232,235,NTD,235
233,236,NTD,236
234,237,NTD,237
235,238,NTD,238
236,239,NTD,239
237,240,NTD,240
238,241,NTD,241
239,242,NTD,242
240,243,NTD,243
241,244,NTD,244
242,245,NTD,245
243,246,NTD,246
244,247,NTD,247
245,248,NTD,248
246,249,NTD,249
247,250,NTD,250
248,251,NTD,251
249,252,NTD,252
250,253,NTD,253
251,254,NTD,254
252,255,NTD,255
253,256,NTD,256
254,257,NTD,257
255,258,NTD,258
256,259,NTD,259
257,260,NTD,260
258,261,NTD,261
259,262,NTD,262
260,263,NTD,263
261,264,NTD,264
262,265,NTD,265
263,266,NTD,266
264,267,NTD,267
265,268,NTD,268
266,269,NTD,269
267,270,NTD,270
268,271,NTD,271
269,272,NTD,272
270,273,NTD,273
271,274,NTD,274
272,275,NTD,275
273,276,NTD,276
274,277,NTD,277
275,278,NTD,278
276,279,NTD,279
277,280,NTD,280
278,281,NTD,281
279,282,NTD,282
280,283,NTD,283
281,284,NTD,284
282,285,NTD,285
283,286,NTD,286
284,287,NTD,287
285,288,NTD,288
286,289,NTD,289
287,290,NTD,290
288,291,NTD,291
289,292,NTD,292
290,293,NTD,293
291,294,NTD,294
292,295,NTD,295
293,296,NTD,296
294,297,NTD,297
295,298,NTD,298
296,299,NTD,299
297,300,NTD,300
298,301,NTD,301
299,302,NTD,302
300,303,NTD,303
301,304,NTD,304
302,305,other,305
303,306,other,306
304,307,other,307
305,308,other,308
306,309,other,309
307,310,other,310
308,311,other,311
309,312,other,312
310,313,other,313
311,314,other,314
312,315,other,315
313,316,other,316
314,317,other,317
315,318,other,318
316,319,RBD,319
317,320,RBD,320
318,321,RBD,321
319,322,RBD,322
320,323,RBD,323
321,324,RBD,324
322,325,RBD,325
323,326,RBD,326
324,327,RBD,327
325,328,RBD,328
326,329,RBD,329
327,330,RBD,330
328,331,RBD,331
329,332,RBD,332
330,333,RBD,333
331,334,RBD,334
332,335,RBD,335
333,336,RBD,336
334,337,RBD,337
335,338,RBD,338
336,339,RBD,339
337,340,RBD,340
338,341,RBD,341
339,342,RBD,342
340,343,RBD,343
341,344,RBD,344
342,345,RBD,345
343,346,RBD,346
344,347,RBD,347
345,348,RBD,348
346,349,RBD,349
347,350,RBD,350
348,351,RBD,351
349,352,RBD,352
350,353,RBD,353
351,354,RBD,354
352,355,RBD,355
353,356,RBD,356
354,357,RBD,357
355,358,RBD,358
356,359,RBD,359
357,360,RBD,360
358,361,RBD,361
359,362,RBD,362
360,363,RBD,363
361,364,RBD,364
362,365,RBD,365
363,366,RBD,366
364,367,RBD,367
365,368,RBD,368
366,369,RBD,369
367,370,RBD,370
368,371,RBD,371
369,372,RBD,372
370,373,RBD,373
371,374,RBD,374
372,375,RBD,375
373,376,RBD,376
374,377,RBD,377
375,378,RBD,378
376,379,RBD,379
377,380,RBD,380
378,381,RBD,381
379,382,RBD,382
380,383,RBD,383
381,384,RBD,384
382,385,RBD,385
383,386,RBD,386
384,387,RBD,387
385,388,RBD,388
386,389,RBD,389
387,390,RBD,390
388,391,RBD,391
389,392,RBD,392
390,393,RBD,393
391,394,RBD,394
392,395,RBD,395
393,396,RBD,396
394,397,RBD,397
395,398,RBD,398
396,399,RBD,399
397,400,RBD,400
398,401,RBD,401
399,402,RBD,402
400,403,RBD,403
401,404,RBD,404
402,405,RBD,405
403,406,RBD,406
404,407,RBD,407
405,408,RBD,408
406,409,RBD,409
407,410,RBD,410
408,411,RBD,411
409,412,RBD,412
410,413,RBD,413
411,414,RBD,414
412,415,RBD,415
413,416,RBD,416
414,417,RBD,417
415,418,RBD,418
416,419,RBD,419
417,420,RBD,420
418,421,RBD,421
419,422,RBD,422
420,423,RBD,423
421,424,RBD,424
422,425,RBD,425
423,426,RBD,426
424,427,RBD,427
425,428,RBD,428
426,429,RBD,429
427,430,RBD,430
428,431,RBD,431
429,432,RBD,432
430,433,RBD,433
431,434,RBD,434
432,435,RBD,435
433,436,RBD,436
434,437,RBD,437
435,438,RBD,438
436,439,RBD,439
437,440,RBD,440
438,441,RBD,441
439,442,RBD,442
440,443,RBD,443
441,444,RBD,444
442,445,RBD,445
443,446,RBD,446
444,447,RBD,447
445,448,RBD,448
446,449,RBD,449
447,450,RBD,450
448,451,RBD,451
449,452,RBD,452
450,453,RBD,453
451,454,RBD,454
452,455,RBD,455
453,456,RBD,456
454,457,RBD,457
455,458,RBD,458
456,459,RBD,459
457,460,RBD,460
458,461,RBD,461
459,462,RBD,462
460,463,RBD,463
461,464,RBD,464
462,465,RBD,465
463,466,RBD,466
464,467,RBD,467
465,468,RBD,468
466,469,RBD,469
467,470,RBD,470
468,471,RBD,471
469,472,RBD,472
470,473,RBD,473
471,474,RBD,474
472,475,RBD,475
473,476,RBD,476
474,477,RBD,477
475,478,RBD,478
476,479,RBD,479
477,480,RBD,480
478,481,RBD,481
479,482,RBD,482
480,483,RBD,483
481,484,RBD,484
482,485,RBD,485
483,486,RBD,486
484,487,RBD,487
485,488,RBD,488
486,489,RBD,489
487,490,RBD,490
488,491,RBD,491
489,492,RBD,492
490,493,RBD,493
491,494,RBD,494
492,495,RBD,495
493,496,RBD,496
494,497,RBD,497
495,498,RBD,498
496,499,RBD,499
497,500,RBD,500
498,501,RBD,501
499,502,RBD,502
500,503,RBD,503
501,504,RBD,504
502,505,RBD,505
503,506,RBD,506
504,507,RBD,507
505,508,RBD,508
506,509,RBD,509
507,510,RBD,510
508,511,RBD,511
509,512,RBD,512
510,513,RBD,513
511,514,RBD,514
512,515,RBD,515
513,516,RBD,516
514,517,RBD,517
515,518,RBD,518
516,519,RBD,519
517,520,RBD,520
518,521,RBD,521
519,522,RBD,522
520,523,RBD,523
521,524,RBD,524
522,525,RBD,525
523,526,RBD,526
524,527,RBD,527
525,528,RBD,528
526,529,RBD,529
527,530,RBD,530
528,531,RBD,531
529,532,RBD,532
530,533,RBD,533
531,534,RBD,534
532,535,RBD,535
533,536,RBD,536
534,537,RBD,537
535,538,RBD,538
536,539,RBD,539
537,540,RBD,540
538,541,RBD,541
539,542,other,542
540,543,other,543
541,544,other,544
542,545,other,545
543,546,other,546
544,547,other,547
545,548,other,548
546,549,other,549
547,550,other,550
548,551,other,551
549,552,other,552
550,553,other,553
551,554,other,554
552,555,other,555
553,556,other,556
554,557,other,557
555,558,other,558
556,559,other,559
557,560,other,560
558,561,other,561
559,562,other,562
560,563,other,563
561,564,other,564
562,565,other,565
563,566,other,566
564,567,other,567
565,568,other,568
566,569,other,569
567,570,other,570
568,571,other,571
569,572,other,572
570,573,other,573
571,574,other,574
572,575,other,575
573,576,other,576
574,577,other,577
575,578,other,578
576,579,other,579
577,580,other,580
578,581,other,581
579,582,other,582
580,583,other,583
581,584,other,584
582,585,other,585
583,586,other,586
584,587,other,587
585,588,other,588
586,589,other,589
587,590,other,590
588,591,other,591
589,592,other,592
590,593,other,593
591,594,other,594
592,595,other,595
593,596,other,596
594,597,other,597
595,598,other,598
596,599,other,599
597,600,other,600
598,601,other,601
599,602,other,602
600,603,other,603
601,604,other,604
602,605,other,605
603,606,other,606
604,607,other,607
605,608,other,608
606,609,other,609
607,610,other,610
608,611,other,611
609,612,other,612
610,613,other,613
611,614,other,614
612,615,other,615
613,616,other,616
614,617,other,617
615,618,other,618
616,619,other,619
617,620,other,620
618,621,other,621
619,622,other,622
620,623,other,623
621,624,other,624
622,625,other,625
623,626,other,626
624,627,other,627
625,628,other,628
626,629,other,629
627,630,other,630
628,631,other,631
629,632,other,632
630,633,other,633
631,634,other,634
632,635,other,635
633,636,other,636
634,637,other,637
635,638,other,638
636,639,other,639
637,640,other,640
638,641,other,641
639,642,other,642
640,643,other,643
641,644,other,644
642,645,other,645
643,646,other,646
644,647,other,647
645,648,other,648
646,649,other,649
647,650,other,650
648,651,other,651
649,652,other,652
650,653,other,653
651,654,other,654
652,655,other,655
653,656,other,656
654,657,other,657
655,658,other,658
656,659,other,659
657,660,other,660
658,661,other,661
659,662,other,662
660,663,other,663
661,664,other,664
662,665,other,665
663,666,other,666
664,667,other,667
665,668,other,668
666,669,other,669
667,670,other,670
668,671,other,671
669,672,other,672
670,673,other,673
671,674,other,674
672,675,other,675
673,676,other,676
674,677,other,677
675,678,other,678
676,679,other,679
677,680,other,680
678,681,other,681
679,682,other,682
680,683,other,683
681,684,other,684
682,685,other,685
683,686,other,686
684,687,other,687
685,688,other,688
686,689,S2,689
687,690,S2,690
688,691,S2,691
689,692,S2,692
690,693,S2,693
691,694,S2,694
692,695,S2,695
693,696,S2,696
694,697,S2,697
695,698,S2,698
696,699,S2,699
697,700,S2,700
698,701,S2,701
699,702,S2,702
700,703,S2,703
701,704,S2,704
702,705,S2,705
703,706,S2,706
704,707,S2,707
705,708,S2,708
706,709,S2,709
707,710,S2,710
708,711,S2,711
709,712,S2,712
710,713,S2,713
711,714,S2,714
712,715,S2,715
713,716,S2,716
714,717,S2,717
715,718,S2,718
716,719,S2,719
717,720,S2,720
718,721,S2,721
719,722,S2,722
720,723,S2,723
721,724,S2,724
722,725,S2,725
723,726,S2,726
724,727,S2,727
725,728,S2,728
726,729,S2,729
727,730,S2,730
728,731,S2,731
729,732,S2,732
730,733,S2,733
731,734,S2,734
732,735,S2,735
733,736,S2,736
734,737,S2,737
735,738,S2,738
736,739,S2,739
737,740,S2,740
738,741,S2,741
739,742,S2,742
740,743,S2,743
741,744,S2,744
742,745,S2,745
743,746,S2,746
744,747,S2,747
745,748,S2,748
746,749,S2,749
747,750,S2,750
748,751,S2,751
749,752,S2,752
750,753,S2,753
751,754,S2,754
752,755,S2,755
753,756,S2,756
754,757,S2,757
755,758,S2,758
756,759,S2,759
757,760,S2,760
758,761,S2,761
759,762,S2,762
760,763,S2,763
761,764,S2,764
762,765,S2,765
763,766,S2,766
764,767,S2,767
765,768,S2,768
766,769,S2,769
767,770,S2,770
768,771,S2,771
769,772,S2,772
770,773,S2,773
771,774,S2,774
772,775,S2,775
773,776,S2,776
774,777,S2,777
775,778,S2,778
776,779,S2,779
777,780,S2,780
778,781,S2,781
779,782,S2,782
780,783,S2,783
781,784,S2,784
782,785,S2,785
783,786,S2,786
784,787,S2,787
785,788,S2,788
786,789,S2,789
787,790,S2,790
788,791,S2,791
789,792,S2,792
790,793,S2,793
791,794,S2,794
792,795,S2,795
793,796,S2,796
794,797,S2,797
795,798,S2,798
796,799,S2,799
797,800,S2,800
798,801,S2,801
799,802,S2,802
800,803,S2,803
801,804,S2,804
802,805,S2,805
803,806,S2,806
804,807,S2,807
805,808,S2,808
806,809,S2,809
807,810,S2,810
808,811,S2,811
809,812,S2,812
810,813,S2,813
811,814,S2,814
812,815,S2,815
813,816,S2,816
814,817,S2,817
815,818,S2,818
816,819,S2,819
817,820,S2,820
818,821,S2,821
819,822,S2,822
820,823,S2,823
821,824,S2,824
822,825,S2,825
823,826,S2,826
824,827,S2,827
825,828,S2,828
826,829,S2,829
827,830,S2,830
828,831,S2,831
829,832,S2,832
830,833,S2,833
831,834,S2,834
832,835,S2,835
833,836,S2,836
834,837,S2,837
835,838,S2,838
836,839,S2,839
837,840,S2,840
838,841,S2,841
839,842,S2,842
840,843,S2,843
841,844,S2,844
842,845,S2,845
843,846,S2,846
844,847,S2,847
845,848,S2,848
846,849,S2,849
847,850,S2,850
848,851,S2,851
849,852,S2,852
850,853,S2,853
851,854,S2,854
852,855,S2,855
853,856,S2,856
854,857,S2,857
855,858,S2,858
856,859,S2,859
857,860,S2,860
858,861,S2,861
859,862,S2,862
860,863,S2,863
861,864,S2,864
862,865,S2,865
863,866,S2,866
864,867,S2,867
865,868,S2,868
866,869,S2,869
867,870,S2,870
868,871,S2,871
869,872,S2,872
870,873,S2,873
871,874,S2,874
872,875,S2,875
873,876,S2,876
874,877,S2,877
875,878,S2,878
876,879,S2,879
877,880,S2,880
878,881,S2,881
879,882,S2,882
880,883,S2,883
881,884,S2,884
882,885,S2,885
883,886,S2,886
884,887,S2,887
885,888,S2,888
886,889,S2,889
887,890,S2,890
888,891,S2,891
889,892,S2,892
890,893,S2,893
891,894,S2,894
892,895,S2,895
893,896,S2,896
894,897,S2,897
895,898,S2,898
896,899,S2,899
897,900,S2,900
898,901,S2,901
899,902,S2,902
900,903,S2,903
901,904,S2,904
902,905,S2,905
903,906,S2,906
904,907,S2,907
905,908,S2,908
906,909,S2,909
907,910,S2,910
908,911,S2,911
909,912,S2,912
910,913,S2,913
911,914,S2,914
912,915,S2,915
913,916,S2,916
914,917,S2,917
915,918,S2,918
916,919,S2,919
917,920,S2,920
918,921,S2,921
919,922,S2,922
920,923,S2,923
921,924,S2,924
922,925,S2,925
923,926,S2,926
924,927,S2,927
925,928,S2,928
926,929,S2,929
927,930,S2,930
928,931,S2,931
929,932,S2,932
930,933,S2,933
931,934,S2,934
932,935,S2,935
933,936,S2,936
934,937,S2,937
935,938,S2,938
936,939,S2,939
937,940,S2,940
938,941,S2,941
939,942,S2,942
940,943,S2,943
941,944,S2,944
942,945,S2,945
943,946,S2,946
944,947,S2,947
945,948,S2,948
946,949,S2,949
947,950,S2,950
948,951,S2,951
949,952,S2,952
950,953,S2,953
951,954,S2,954
952,955,S2,955
953,956,S2,956
954,957,S2,957
955,958,S2,958
956,959,S2,959
957,960,S2,960
958,961,S2,961
959,962,S2,962
960,963,S2,963
961,964,S2,964
962,965,S2,965
963,966,S2,966
964,967,S2,967
965,968,S2,968
966,969,S2,969
967,970,S2,970
968,971,S2,971
969,972,S2,972
970,973,S2,973
971,974,S2,974
972,975,S2,975
973,976,S2,976
974,977,S2,977
975,978,S2,978
976,979,S2,979
977,980,S2,980
978,981,S2,981
979,982,S2,982
980,983,S2,983
981,984,S2,984
982,985,S2,985
983,986,S2,986
984,987,S2,987
985,988,S2,988
986,989,S2,989
987,990,S2,990
988,991,S2,991
989,992,S2,992
990,993,S2,993
991,994,S2,994
992,995,S2,995
993,996,S2,996
994,997,S2,997
995,998,S2,998
996,999,S2,999
997,1000,S2,1000
998,1001,S2,1001
999,1002,S2,1002
1000,1003,S2,1003
1001,1004,S2,1004
1002,1005,S2,1005
1003,1006,S2,1006
1004,1007,S2,1007
1005,1008,S2,1008
1006,1009,S2,1009
1007,1010,S2,1010
1008,1011,S2,1011
1009,1012,S2,1012
1010,1013,S2,1013
1011,1014,S2,1014
1012,1015,S2,1015
1013,1016,S2,1016
1014,1017,S2,1017
1015,1018,S2,1018
1016,1019,S2,1019
1017,1020,S2,1020
1018,1021,S2,1021
1019,1022,S2,1022
1020,1023,S2,1023
1021,1024,S2,1024
1022,1025,S2,1025
1023,1026,S2,1026
1024,1027,S2,1027
1025,1028,S2,1028
1026,1029,S2,1029
1027,1030,S2,1030
1028,1031,S2,1031
1029,1032,S2,1032
1030,1033,S2,1033
1031,1034,S2,1034
1032,1035,S2,1035
1033,1036,S2,1036
1034,1037,S2,1037
1035,1038,S2,1038
1036,1039,S2,1039
1037,1040,S2,1040
1038,1041,S2,1041
1039,1042,S2,1042
1040,1043,S2,1043
1041,1044,S2,1044
1042,1045,S2,1045
1043,1046,S2,1046
1044,1047,S2,1047
1045,1048,S2,1048
1046,1049,S2,1049
1047,1050,S2,1050
1048,1051,S2,1051
1049,1052,S2,1052
1050,1053,S2,1053
1051,1054,S2,1054
1052,1055,S2,1055
1053,1056,S2,1056
1054,1057,S2,1057
1055,1058,S2,1058
1056,1059,S2,1059
1057,1060,S2,1060
1058,1061,S2,1061
1059,1062,S2,1062
1060,1063,S2,1063
1061,1064,S2,1064
1062,1065,S2,1065
1063,1066,S2,1066
1064,1067,S2,1067
1065,1068,S2,1068
1066,1069,S2,1069
1067,1070,S2,1070
1068,1071,S2,1071
1069,1072,S2,1072
1070,1073,S2,1073
1071,1074,S2,1074
1072,1075,S2,1075
1073,1076,S2,1076
1074,1077,S2,1077
1075,1078,S2,1078
1076,1079,S2,1079
1077,1080,S2,1080
1078,1081,S2,1081
1079,1082,S2,1082
1080,1083,S2,1083
1081,1084,S2,1084
1082,1085,S2,1085
1083,1086,S2,1086
1084,1087,S2,1087
1085,1088,S2,1088
1086,1089,S2,1089
1087,1090,S2,1090
1088,1091,S2,1091
1089,1092,S2,1092
1090,1093,S2,1093
1091,1094,S2,1094
1092,1095,S2,1095
1093,1096,S2,1096
1094,1097,S2,1097
1095,1098,S2,1098
1096,1099,S2,1099
1097,1100,S2,1100
1098,1101,S2,1101
1099,1102,S2,1102
1100,1103,S2,1103
1101,1104,S2,1104
1102,1105,S2,1105
1103,1106,S2,1106
1104,1107,S2,1107
1105,1108,S2,1108
1106,1109,S2,1109
1107,1110,S2,1110
1108,1111,S2,1111
1109,1112,S2,1112
1110,1113,S2,1113
1111,1114,S2,1114
1112,1115,S2,1115
1113,1116,S2,1116
1114,1117,S2,1117
1115,1118,S2,1118
1116,1119,S2,1119
1117,1120,S2,1120
1118,1121,S2,1121
1119,1122,S2,1122
1120,1123,S2,1123
1121,1124,S2,1124
1122,1125,S2,1125
1123,1126,S2,1126
1124,1127,S2,1127
1125,1128,S2,1128
1126,1129,S2,1129
1127,1130,S2,1130
1128,1131,S2,1131
1129,1132,S2,1132
1130,1133,S2,1133
1131,1134,S2,1134
1132,1135,S2,1135
1133,1136,S2,1136
1134,1137,S2,1137
1135,1138,S2,1138
1136,1139,S2,1139
1137,1140,S2,1140
1138,1141,S2,1141
1139,1142,S2,1142
1140,1143,S2,1143
1141,1144,S2,1144
1142,1145,S2,1145
1143,1146,S2,1146
1144,1147,S2,1147
1145,1148,S2,1148
1146,1149,S2,1149
1147,1150,S2,1150
1148,1151,S2,1151
1149,1152,S2,1152
1150,1153,S2,1153
1151,1154,S2,1154
1152,1155,S2,1155
1153,1156,S2,1156
1154,1157,S2,1157
1155,1158,S2,1158
1156,1159,S2,1159
1157,1160,S2,1160
1158,1161,S2,1161
1159,1162,S2,1162
1160,1163,S2,1163
1161,1164,S2,1164
1162,1165,S2,1165
1163,1166,S2,1166
1164,1167,S2,1167
1165,1168,S2,1168
1166,1169,S2,1169
1167,1170,S2,1170
1168,1171,S2,1171
1169,1172,S2,1172
1170,1173,S2,1173
1171,1174,S2,1174
1172,1175,S2,1175
1173,1176,S2,1176
1174,1177,S2,1177
1175,1178,S2,1178
1176,1179,S2,1179
1177,1180,S2,1180
1178,1181,S2,1181
1179,1182,S2,1182
1180,1183,S2,1183
1181,1184,S2,1184
1182,1185,S2,1185
1183,1186,S2,1186
1184,1187,S2,1187
1185,1188,S2,1188
1186,1189,S2,1189
1187,1190,S2,1190
1188,1191,S2,1191
1189,1192,S2,1192
1190,1193,S2,1193
1191,1194,S2,1194
1192,1195,S2,1195
1193,1196,S2,1196
1194,1197,S2,1197
1195,1198,S2,1198
1196,1199,S2,1199
1197,1200,S2,1200
1198,1201,S2,1201
1199,1202,S2,1202
1200,1203,S2,1203
1201,1204,S2,1204
1202,1205,S2,1205
1203,1206,S2,1206
1204,1207,S2,1207
1205,1208,other,1208
1206,1209,other,1209
1207,1210,other,1210
1208,1211,other,1211
1209,1212,other,1212
1210,1213,other,1213
1211,1214,other,1214
1212,1215,other,1215
1213,1216,other,1216
1214,1217,other,1217
1215,1218,other,1218
1216,1219,other,1219
1217,1220,other,1220
1218,1221,other,1221
1219,1222,other,1222
1220,1223,other,1223
1221,1224,other,1224
1222,1225,other,1225
1223,1226,other,1226
1224,1227,other,1227
1225,1228,other,1228
1226,1229,other,1229
1227,1230,other,1230
1228,1231,other,1231
1229,1232,other,1232
1230,1233,other,1233
1231,1234,other,1234
1232,1235,other,1235
1233,1236,other,1236
1234,1237,other,1237
1235,1238,other,1238
1236,1239,other,1239
1237,1240,other,1240
1238,1241,other,1241
1239,1242,other,1242
1240,1243,other,1243
1241,1244,other,1244
1242,1245,other,1245
1243,1246,other,1246
1244,1247,other,1247
1245,1248,other,1248
1246,1249,other,1249
1247,1250,other,1250
1248,1251,other,1251
1249,1252,other,1252
1250,1253,other,1253